Player,Hand,Pos,GamesPlayed,G,A,P,PlusMinus,PenaltyMins,P/GP,EVG,EVP,PPG,PPP,SHG,SHP,OTG,GWG,Shots,Intials,GoalsPerGame,GoalsNorm,GWGNorm,PIMNorm,PluMinNorm,AvGPGNorm,Rating
Jarome Iginla,R,R,1219,525,570,1095,46,831,0.9,351,708,161,365,13,22,6,83,3992,JI,0.430680886,1,1,0.342248224,0.339041096,0.766864685,0.838296229
Theo Fleury,R,R,791,364,466,830,148,1339,1.05,229,508,107,281,28,41,5,53,2685,TF,0.460176991,0.692748092,0.638554217,0.554534058,0.688356164,0.820528193,0.605856383
Joe Nieuwendyk,L,C,577,314,302,616,135,330,1.07,173,369,130,234,11,13,3,43,1549,JN,0.544194107,0.597328244,0.518072289,0.132887589,0.643835616,0.973384076,0.681545082
Gary Roberts,L,L,585,257,248,505,225,1736,0.86,199,400,51,96,7,9,3,27,1254,GR,0.439316239,0.488549618,0.325301205,0.720434601,0.952054795,0.782575348,0.380448783
Kent Nilsson,L,C,425,229,333,562,-34,90,1.32,134,312,79,227,16,23,1,25,1136,KN,0.538823529,0.435114504,0.301204819,0.032595069,0.065068493,0.963613157,0.573040109
Lanny McDonald,R,R,492,215,191,406,-3,408,0.83,153,278,61,127,1,1,0,25,1322,LMD,0.43699187,0.408396947,0.301204819,0.165482658,0.171232877,0.778346524,0.469684182
Al MacInnis,R,D,803,213,609,822,239,960,1.02,107,325,102,481,4,16,1,22,2891,AMI,0.265255293,0.404580153,0.265060241,0.396155453,1,0.465898927,0.280116616
Sean Monahan,L,C,541,194,217,411,-25,119,0.76,135,287,57,121,2,3,11,40,1306,SM,0.358595194,0.368320611,0.481927711,0.044713748,0.095890411,0.635716146,0.523139625
Hakan Loob,L,R,450,193,236,429,103,189,0.95,142,293,42,117,9,19,1,17,1126,HL,0.428888889,0.366412214,0.204819277,0.073965733,0.534246575,0.763604429,0.429699485
Joe Mullen,R,R,345,190,198,388,106,95,1.12,133,250,53,133,4,5,0,33,978,JM,0.550724638,0.360687023,0.397590361,0.034684496,0.544520548,0.985265345,0.622033122
Joel Otto,R,C,730,167,261,428,44,1642,0.59,101,285,57,124,9,19,1,23,1108,JO,0.228767123,0.316793893,0.277108434,0.681153364,0.332191781,0.399514462,0.193808718
Jim Peplinski,R,L,711,161,263,424,52,1467,0.6,148,395,5,17,8,12,2,22,1269,JP,0.226441632,0.305343511,0.265060241,0.608023402,0.359589041,0.395283597,0.19957323
Robert Reichel,L,C,425,153,201,354,59,216,0.83,105,227,48,127,0,0,2,22,1140,RR,0.36,0.290076336,0.265060241,0.085248642,0.383561644,0.638271969,0.399796813
Johnny Gaudreau,L,L,464,151,294,445,19,100,0.96,118,318,33,127,0,0,7,27,1248,JG,0.325431034,0.286259542,0.325301205,0.036773924,0.246575342,0.575379192,0.414073449
Mikael Backlund,L,C,690,145,220,365,33,335,0.53,103,272,28,71,14,22,7,29,1574,MB,0.210144928,0.27480916,0.34939759,0.134977016,0.294520548,0.365634316,0.321438034
Mark Giordano,L,D,893,134,349,483,96,745,0.54,76,288,48,173,10,22,7,21,1887,MG,0.150055991,0.253816794,0.253012048,0.306310071,0.510273973,0.25631198,0.193150481
Gary Suter,L,D,617,128,436,564,93,872,0.91,71,245,54,310,3,9,0,12,1739,GS,0.207455429,0.242366412,0.144578313,0.359381529,0.5,0.360741199,0.168945971
Daymond Langkow,L,C,392,123,165,288,47,159,0.73,80,174,40,104,3,10,1,22,912,DL,0.31377551,0.232824427,0.265060241,0.061429168,0.342465753,0.554173805,0.365196252
Curtis Glencross,L,L,418,114,128,242,2,290,0.58,84,182,22,49,8,11,0,18,784,CG,0.272727273,0.215648855,0.21686747,0.116172169,0.188356164,0.479493016,0.298561393
Cory Stillman,L,L,393,109,126,235,-27,192,0.6,64,141,37,85,8,9,2,16,811,CS,0.27735369,0.20610687,0.192771084,0.07521939,0.089041096,0.487910051,0.297116372
Paul Reinhart,L,D,517,109,336,445,28,203,0.86,54,232,53,208,2,5,1,12,985,PR,0.210831721,0.20610687,0.144578313,0.07981613,0.27739726,0.366883829,0.223690149
German Titov,L,C,345,107,121,228,22,142,0.66,57,137,42,76,8,15,2,13,780,GT,0.310144928,0.202290076,0.156626506,0.054325115,0.256849315,0.547568533,0.306704651
Carey Wilson,R,C,355,102,161,263,33,160,0.74,77,208,20,46,5,9,1,13,613,CW,0.287323944,0.192748092,0.156626506,0.061847054,0.294520548,0.506049355,0.287638393
Guy Chouinard,R,C,272,98,214,312,-5,76,1.15,59,178,39,134,0,0,0,8,689,GC,0.360294118,0.185114504,0.096385542,0.026744672,0.164383562,0.638807069,0.316878115
Craig Conroy,R,C,507,97,211,308,62,276,0.61,77,231,15,64,5,13,2,13,755,CC,0.191321499,0.183206107,0.156626506,0.110321772,0.393835616,0.331388059,0.207124733
Matthew Tkachuk,L,L,293,94,141,235,22,302,0.8,65,162,29,73,0,0,2,10,725,MT,0.320819113,0.177480916,0.120481928,0.121186795,0.256849315,0.566988528,0.280547108
Paul Ranheim,R,L,354,94,100,194,49,105,0.55,75,162,7,13,12,19,1,12,757,PR,0.265536723,0.177480916,0.144578313,0.038863351,0.349315068,0.466410946,0.268828956
Sergei Makarov,L,R,297,94,198,292,62,199,0.98,68,200,26,92,0,0,0,14,399,SM,0.316498316,0.177480916,0.168674699,0.078144588,0.393835616,0.559127521,0.310107532
Valeri Bure,R,R,256,93,99,192,-28,100,0.75,57,114,36,78,0,0,4,13,889,VB,0.36328125,0.175572519,0.156626506,0.036773924,0.085616438,0.644241685,0.346212394
Michael Cammalleri,L,L,216,89,89,178,-34,111,0.82,57,109,32,69,0,0,1,19,612,MC,0.412037037,0.167938931,0.228915663,0.041370664,0.065068493,0.732945144,0.416155649
Colin Patterson,R,R,416,88,99,187,98,189,0.45,83,176,3,3,2,8,1,8,549,CP,0.211538462,0.166030534,0.096385542,0.073965733,0.517123288,0.368169631,0.19727053
Rene Bourque,L,R,249,88,76,164,5,241,0.66,67,122,15,34,6,8,1,12,673,RB,0.353413655,0.166030534,0.144578313,0.095695779,0.198630137,0.626289153,0.320268715
Eddy Beers,L,L,226,87,105,192,23,232,0.85,52,135,35,57,0,0,1,7,524,EB,0.384955752,0.164122137,0.084337349,0.09193481,0.260273973,0.683675021,0.313663935
Alex Tanguay,L,L,342,86,198,284,17,166,0.83,68,198,14,80,4,6,1,9,476,AT,0.251461988,0.16221374,0.108433735,0.064354367,0.239726027,0.440804187,0.233889043
Doug Gilmour,L,C,266,81,214,295,104,288,1.11,48,189,29,93,4,13,0,14,512,DG,0.304511278,0.152671756,0.168674699,0.115336398,0.537671233,0.537318997,0.291464844
Mike Bullard,L,C,136,76,81,157,33,102,1.15,45,94,31,63,0,0,0,6,368,MB,0.558823529,0.143129771,0.072289157,0.037609695,0.294520548,1,0.442935616
Dion Phaneuf,L,D,378,75,153,228,19,522,0.6,26,97,48,129,1,2,2,21,1150,DP,0.198412698,0.141221374,0.253012048,0.213121605,0.246575342,0.344289377,0.235719591
Kristian Huselius,L,L,216,74,108,182,33,102,0.84,46,95,26,83,2,4,0,15,482,KH,0.342592593,0.139312977,0.180722892,0.037609695,0.294520548,0.606601938,0.33941158
Willi Plett,R,R,232,72,85,157,-21,758,0.68,59,124,13,33,0,0,0,8,430,WP,0.310344828,0.135496183,0.096385542,0.311742583,0.109589041,0.547932219,0.218566761
Dan Quinn,L,C,222,72,119,191,-11,98,0.86,33,102,36,85,3,4,0,7,464,DQ,0.324324324,0.135496183,0.084337349,0.035938153,0.143835616,0.573365707,0.277876945
Jiri Hudler,L,R,248,68,124,192,7,69,0.77,54,147,14,45,0,0,2,6,403,JH,0.274193548,0.127862595,0.072289157,0.023819473,0.205479452,0.482160673,0.237031212
Kevin LaVallee,L,L,212,66,65,131,-20,63,0.62,56,103,10,28,0,0,0,7,438,KLV,0.311320755,0.124045802,0.084337349,0.02131216,0.113013699,0.549707765,0.270193929
Matthew Lombardi,L,C,347,65,102,167,18,225,0.48,43,120,11,34,11,13,1,17,678,ML,0.187319885,0.122137405,0.204819277,0.089009611,0.243150685,0.324107753,0.226464558
Steve Bozek,L,L,261,64,79,143,22,80,0.55,50,119,7,13,7,11,0,10,487,SB,0.245210728,0.120229008,0.120481928,0.028416214,0.256849315,0.429431005,0.238353024
Michael Frolik,L,R,319,63,82,145,9,158,0.45,51,123,3,9,9,13,2,11,700,MF,0.197492163,0.118320611,0.13253012,0.061011283,0.212328767,0.342614608,0.202940708
Sam Bennett,L,C,364,63,65,128,-53,300,0.35,51,105,12,22,0,1,0,5,613,SB,0.173076923,0.118320611,0.060240964,0.120351024,0,0.298194932,0.137160311
Jamie Macoun,L,D,586,62,184,246,213,666,0.42,54,219,4,18,4,9,1,6,966,JM,0.105802048,0.116412214,0.072289157,0.273297117,0.910958904,0.175798915,0.063445942
David Moss,R,R,317,61,63,124,-7,94,0.39,42,97,19,26,0,1,0,10,666,DM,0.192429022,0.114503817,0.120481928,0.034266611,0.157534247,0.333403022,0.198199232
Marc Savard,L,C,221,60,94,154,-35,158,0.7,38,100,21,52,1,2,3,11,542,MS,0.271493213,0.11259542,0.13253012,0.061011283,0.061643836,0.477247838,0.256221481
Ken Houston,R,R,192,60,68,128,-3,284,0.67,49,108,11,20,0,0,0,8,398,KH,0.3125,0.11259542,0.096385542,0.113664856,0.171232877,0.551853216,0.257460628
Eric Vail,L,L,147,60,62,122,12,45,0.83,41,89,19,32,0,1,0,9,365,EV,0.408163265,0.11259542,0.108433735,0.013790221,0.22260274,0.725897428,0.353077336
Matt Stajan,L,C,558,59,131,190,-1,279,0.34,55,172,0,6,4,12,2,10,533,MS,0.105734767,0.110687023,0.120481928,0.111575428,0.178082192,0.175676508,0.119265184
Olli Jokinen,L,C,236,59,106,165,-34,169,0.7,40,108,19,57,0,0,0,9,660,OJ,0.25,0.110687023,0.108433735,0.065608023,0.065068493,0.43814433,0.227421697
Ronnie Stern,R,R,396,59,66,125,12,1288,0.32,55,118,1,2,3,5,1,7,529,RS,0.148989899,0.110687023,0.084337349,0.533221897,0.22260274,0.254372394,0.048341955
Elias Lindholm,R,C,151,56,76,132,22,42,0.87,38,83,17,45,1,4,1,12,351,EL,0.370860927,0.104961832,0.144578313,0.012536565,0.256849315,0.658031711,0.343490711
Bob MacMillan,L,R,177,54,81,135,10,71,0.76,42,107,5,20,7,8,0,6,357,BMM,0.305084746,0.101145038,0.072289157,0.024655244,0.215753425,0.538362331,0.256672966
Phil Housley,L,D,328,50,188,238,2,140,0.73,32,117,18,121,0,0,1,4,774,PH,0.152439024,0.09351145,0.048192771,0.053489344,0.188356164,0.260647533,0.127008675
Tim Hunter,R,R,545,49,59,108,12,2405,0.2,46,102,3,6,0,0,0,6,471,TH,0.089908257,0.091603053,0.072289157,1,0.22260274,0.146882671,-0.095942048
Don Lever,L,C,113,48,58,106,11,66,0.94,40,88,6,16,2,2,0,5,286,DL,0.424778761,0.089694656,0.060240964,0.022565817,0.219178082,0.7561267,0.337027464
TJ Brodie,L,D,634,48,218,266,14,194,0.42,35,191,10,65,3,10,6,12,768,TJB,0.075709779,0.089694656,0.144578313,0.076055161,0.229452055,0.121050781,0.114467903
Mel Bridgman,L,C,142,45,80,125,16,197,0.88,28,86,15,36,2,3,0,4,272,MB,0.316901408,0.083969466,0.048192771,0.077308817,0.23630137,0.559860884,0.240975922
Richard Kromm,L,L,189,43,61,104,42,90,0.55,42,103,1,1,0,0,0,7,303,RK,0.227513228,0.080152672,0.084337349,0.032595069,0.325342466,0.397233196,0.202558207
Micheal Ferland,L,L,250,42,47,89,-10,135,0.36,33,76,9,13,0,0,0,2,406,MF,0.168,0.078244275,0.024096386,0.051399916,0.147260274,0.288958272,0.125175946
Dougie Hamilton,R,D,245,42,95,137,-1,174,0.56,29,94,13,42,0,1,2,12,682,DH,0.171428571,0.078244275,0.144578313,0.067697451,0.178082192,0.295196017,0.184652501
John Tonelli,L,L,161,40,76,116,7,166,0.72,23,79,17,37,0,0,0,5,298,JT,0.248447205,0.074427481,0.060240964,0.064354367,0.205479452,0.435319264,0.198820062
Martin Gelinas,L,L,157,38,49,87,7,121,0.55,27,66,11,21,0,0,1,6,291,MG,0.242038217,0.070610687,0.072289157,0.045549519,0.205479452,0.423659122,0.203559392
Dean McAmmond,L,C,137,38,43,81,11,78,0.59,26,52,11,26,1,3,1,9,253,DMA,0.277372263,0.070610687,0.108433735,0.027580443,0.219178082,0.487943842,0.250939384
Joe Colborne,L,C,217,37,63,100,-19,104,0.46,31,85,5,14,1,1,0,4,247,JC,0.170506912,0.06870229,0.048192771,0.038445466,0.116438356,0.293519203,0.140685203
Jamie Hislop,R,R,215,37,61,98,-6,65,0.46,33,93,1,1,3,4,0,2,242,JH,0.172093023,0.06870229,0.024096386,0.022147931,0.160958904,0.296404882,0.133050788
Jiri Hrdina,L,C,157,36,58,94,32,63,0.6,30,71,6,23,0,0,0,5,264,JH,0.229299363,0.066793893,0.060240964,0.02131216,0.29109589,0.400482788,0.192730554
Mark Jankowski,L,C,208,36,28,64,-13,59,0.31,27,51,2,3,7,10,0,4,255,MJ,0.173076923,0.066793893,0.048192771,0.019640618,0.136986301,0.298194932,0.146125624
Chris Clark,R,R,278,35,36,71,-29,363,0.26,25,56,9,13,1,2,1,8,462,CC,0.125899281,0.064885496,0.096385542,0.14667781,0.082191781,0.212362658,0.110290822
Brian MacLellan,L,L,134,35,35,70,15,95,0.52,20,50,15,20,0,0,0,5,224,BML,0.26119403,0.064885496,0.060240964,0.034684496,0.232876712,0.4585101,0.213076172
Mark Hunter,R,R,133,34,26,60,3,358,0.45,14,32,20,28,0,0,0,2,221,MH,0.255639098,0.062977099,0.024096386,0.144588383,0.191780822,0.448403778,0.168789737
Chuck Kobasew,R,R,210,34,37,71,-18,160,0.34,19,44,15,27,0,0,0,6,319,CK,0.161904762,0.062977099,0.072289157,0.061847054,0.119863014,0.277868948,0.141220457
Jason Wiemer,L,C,252,34,32,66,-41,567,0.26,27,53,7,13,0,0,1,7,348,JW,0.134920635,0.062977099,0.084337349,0.231926452,0.04109589,0.228775588,0.093591329
Steve Tambellini,L,C,120,34,20,54,-1,20,0.45,30,50,2,2,2,2,0,4,202,ST,0.283333333,0.062977099,0.048192771,0.003343084,0.178082192,0.498789069,0.229241106
Derek Morris,R,D,343,34,129,163,-12,385,0.48,16,83,16,74,2,6,2,10,771,DM,0.099125364,0.062977099,0.120481928,0.155871291,0.140410959,0.163651743,0.100825113
Michael Nylander,L,C,168,34,74,108,22,54,0.64,29,81,5,27,0,0,2,8,310,MN,0.202380952,0.062977099,0.096385542,0.017551191,0.256849315,0.351508988,0.191583838
Pekka Rautakallio,L,D,235,33,121,154,13,122,0.66,23,102,10,52,0,0,0,5,409,PR,0.140425532,0.061068702,0.060240964,0.045967405,0.226027397,0.238790879,0.122550223
Jeff Shantz,R,C,256,33,53,86,-8,151,0.34,23,66,9,18,1,2,2,4,314,JS,0.12890625,0.061068702,0.048192771,0.058086084,0.154109589,0.217833364,0.105719384
David Jones,R,R,174,32,30,62,-10,38,0.36,27,57,5,5,0,0,0,4,285,DJ,0.183908046,0.059160305,0.048192771,0.010865023,0.147260274,0.317900451,0.154999592
Dennis Wideman,R,D,280,32,104,136,-33,126,0.49,16,83,16,51,0,2,1,4,531,DW,0.114285714,0.059160305,0.048192771,0.047638947,0.068493151,0.191233607,0.096978069
Clarke Wilm,L,C,303,31,42,73,-7,250,0.24,20,58,5,9,6,6,0,0,343,CW,0.102310231,0.057251908,0,0.099456749,0.157534247,0.169446105,0.053612283
Lee Stempniak,R,R,160,31,52,83,-21,56,0.52,23,59,6,15,2,9,0,4,387,LS,0.19375,0.057251908,0.048192771,0.018386962,0.109589041,0.335806333,0.160466717
Dave Lowry,L,L,193,31,38,69,-24,131,0.36,22,52,8,16,1,1,0,6,231,DL,0.160621762,0.057251908,0.072289157,0.049728374,0.099315068,0.275534732,0.142137987
Stephane Yelle,L,C,339,31,65,96,2,174,0.28,22,72,6,17,3,7,0,5,407,SY,0.091445428,0.057251908,0.060240964,0.067697451,0.188356164,0.14967931,0.082177907
Perry Berezan,R,C,152,31,42,73,45,154,0.48,25,64,0,0,6,9,0,5,279,PB,0.203947368,0.057251908,0.060240964,0.059339741,0.335616438,0.354358835,0.165721259
Sandy McCarthy,R,R,276,30,25,55,-36,730,0.2,25,45,5,10,0,0,2,5,272,SMC,0.108695652,0.055343511,0.060240964,0.300041789,0.058219178,0.181063371,0.048071824
Oleg Saprykin,L,L,187,29,47,76,4,132,0.41,22,57,7,19,0,0,0,1,373,OS,0.155080214,0.053435115,0.012048193,0.05014626,0.195205479,0.26545276,0.10751946
Andrew Cassels,L,C,151,29,52,81,-19,50,0.54,17,45,10,27,2,9,1,5,235,AC,0.19205298,0.053435115,0.060240964,0.015879649,0.116438356,0.332718873,0.165375613
Robyn Regehr,L,D,826,29,134,163,30,802,0.2,17,110,11,44,1,9,0,3,900,RR,0.035108959,0.053435115,0.036144578,0.330129545,0.284246575,0.047183997,-0.02373651
Dustin Boyd,L,C,192,28,29,57,-12,35,0.3,26,49,1,5,1,3,0,7,208,DB,0.145833333,0.051526718,0.084337349,0.009611366,0.140410959,0.248629521,0.144850881
Mike Eaves,R,C,117,28,65,93,21,30,0.79,22,72,4,16,2,5,1,4,214,ME,0.239316239,0.051526718,0.048192771,0.007521939,0.253424658,0.418706914,0.195227435
Phil Russell,R,D,309,28,97,125,37,441,0.4,24,107,2,11,2,7,0,4,442,PR,0.090614887,0.051526718,0.048192771,0.179272879,0.308219178,0.148168272,0.05266179
Shean Donovan,R,R,175,28,37,65,21,161,0.37,21,55,3,5,4,5,2,9,292,SD,0.16,0.051526718,0.108433735,0.062264939,0.253424658,0.274403535,0.156677965
Dave Gagner,L,C,82,27,33,60,2,48,0.73,18,36,9,21,0,3,1,4,228,DG,0.329268293,0.049618321,0.048192771,0.015043878,0.188356164,0.582360478,0.258993633
Lance Bouma,L,L,304,27,40,67,-8,174,0.22,26,62,0,1,1,4,0,5,323,LB,0.088815789,0.049618321,0.060240964,0.067697451,0.154109589,0.144895099,0.079500863
Jonas Hoglund,R,R,118,25,24,49,-13,28,0.42,22,35,3,14,0,0,0,6,313,JH,0.211864407,0.045801527,0.072289157,0.006686168,0.136986301,0.368762637,0.186892552
Andrew Mangiapane,L,L,122,25,20,45,12,32,0.37,25,44,0,1,0,0,0,3,181,AM,0.204918033,0.045801527,0.036144578,0.00835771,0.22260274,0.356124806,0.163430822
Jean Pronovost,R,R,80,24,19,43,12,12,0.54,18,34,6,7,0,2,0,3,119,JP,0.3,0.04389313,0.036144578,0,0.22260274,0.529111438,0.234106177
Paul Kruse,L,L,246,24,29,53,0,614,0.22,24,53,0,0,0,0,0,3,226,PK,0.097560976,0.04389313,0.036144578,0.251567071,0.181506849,0.160805584,0.036470422
Tony Amonte,L,R,161,24,48,72,-1,83,0.45,18,48,4,20,2,4,0,4,294,TA,0.149068323,0.04389313,0.048192771,0.02966987,0.178082192,0.254515074,0.124357754
Chris Drury,R,C,80,23,30,53,-9,33,0.66,17,32,5,20,1,1,0,5,224,CD,0.2875,0.041984733,0.060240964,0.008775595,0.150684932,0.506369661,0.235111701
Derek Ryan,R,C,149,23,44,67,30,34,0.45,19,50,3,11,1,6,0,1,205,DR,0.154362416,0.041984733,0.012048193,0.009193481,0.284246575,0.26414684,0.11404261
Marty McInnis,R,L,91,23,30,53,-1,42,0.58,13,36,6,12,4,5,0,0,154,MMI,0.252747253,0.041984733,0,0.012536565,0.178082192,0.443142523,0.178948169
Bill Clement,L,C,211,23,46,69,-15,93,0.33,18,54,1,3,4,12,0,4,201,BC,0.109004739,0.041984733,0.048192771,0.033848725,0.130136986,0.181625706,0.094175396
Zarley Zalapski,L,D,178,21,55,76,7,220,0.43,12,48,9,28,0,0,0,4,309,ZZ,0.117977528,0.038167939,0.048192771,0.086920184,0.205479452,0.197950279,0.089709254
Dave Hindmarch,R,R,99,21,17,38,-14,25,0.38,21,38,0,0,0,0,0,1,146,DH,0.212121212,0.038167939,0.012048193,0.005432511,0.133561644,0.369229854,0.156446329
Adrian Aucoin,R,D,157,20,49,69,5,83,0.44,12,36,8,32,0,1,1,4,247,AA,0.127388535,0.036259542,0.048192771,0.02966987,0.198630137,0.215072121,0.107817214
Hnat Domenichelli,L,L,96,20,23,43,1,31,0.45,15,34,5,9,0,0,0,2,188,HD,0.208333333,0.036259542,0.024096386,0.007939824,0.184931507,0.362338406,0.159021545
Mike Sullivan,L,C,205,20,28,48,-17,54,0.23,16,41,0,0,4,7,0,5,228,MS,0.097560976,0.036259542,0.060240964,0.017551191,0.123287671,0.160805584,0.094558432
Troy Brouwer,R,R,150,19,28,47,-18,84,0.31,13,28,5,16,1,3,0,2,165,TB,0.126666667,0.034351145,0.024096386,0.030087756,0.119863014,0.213758796,0.094969274
Toni Lydman,L,D,289,19,74,93,-16,140,0.32,12,47,7,43,0,3,1,1,442,TL,0.065743945,0.034351145,0.012048193,0.053489344,0.126712329,0.102919518,0.039929149
Marcus Nilson,R,L,194,19,23,42,25,77,0.22,16,37,3,5,0,0,0,5,222,MN,0.097938144,0.034351145,0.060240964,0.027162557,0.267123288,0.161491783,0.092719798
Eric Nystrom,L,L,204,19,20,39,-13,191,0.19,18,36,0,0,1,3,0,5,216,EN,0.093137255,0.034351145,0.060240964,0.074801504,0.136986301,0.152757323,0.079698225
Kris Versteeg,R,R,93,18,27,45,-11,52,0.48,9,24,9,21,0,0,0,2,185,KV,0.193548387,0.032442748,0.024096386,0.01671542,0.143835616,0.33543953,0.146125196
Jay Bouwmeester,L,D,279,18,79,97,-38,134,0.35,13,59,5,35,0,3,0,2,413,JB,0.064516129,0.032442748,0.024096386,0.050982031,0.051369863,0.100685702,0.045370342
Steve Konroyd,L,D,350,18,83,101,25,386,0.29,16,81,1,17,1,3,0,2,463,SK,0.051428571,0.032442748,0.024096386,0.156289177,0.267123288,0.076874956,0.014784615
Frantisek Musil,L,D,335,18,45,63,96,505,0.19,14,53,3,7,1,3,0,2,309,FM,0.053731343,0.032442748,0.024096386,0.206017551,0.510273973,0.081064486,0.006514752
Wes Walz,R,C,92,17,39,56,27,27,0.61,12,42,5,14,0,0,0,1,152,WW,0.184782609,0.030534351,0.012048193,0.006268282,0.273972603,0.31949158,0.135620507
Garry Unger,L,C,79,17,16,33,2,39,0.42,16,29,1,4,0,0,0,3,170,GU,0.215189873,0.030534351,0.036144578,0.011282908,0.188356164,0.374812799,0.168794262
Steve Reinprecht,L,C,96,17,41,58,11,28,0.6,9,33,8,25,0,0,0,2,140,SR,0.177083333,0.030534351,0.024096386,0.006686168,0.219178082,0.305483963,0.13595798
Niklas Hagman,L,L,106,17,25,42,0,28,0.4,12,32,5,10,0,0,0,2,222,NH,0.160377358,0.030534351,0.024096386,0.006686168,0.181506849,0.275090079,0.123800426
Dana Murzyn,L,D,201,16,39,55,50,406,0.27,14,49,1,4,1,2,1,2,271,DM,0.07960199,0.028625954,0.024096386,0.164646887,0.352739726,0.128132045,0.033234229
Paul Byron,L,L,130,16,30,46,5,39,0.35,12,36,3,4,1,6,0,2,122,PB,0.123076923,0.028625954,0.024096386,0.011282908,0.198630137,0.207227824,0.095545336
Owen Nolan,R,R,77,16,16,32,6,71,0.42,14,25,1,6,1,1,0,3,163,ON,0.207792208,0.028625954,0.036144578,0.024655244,0.202054795,0.361353914,0.160545401
Garnet Hathaway,R,R,175,16,24,40,16,219,0.23,13,36,0,0,3,4,0,5,178,GH,0.091428571,0.028625954,0.060240964,0.086502298,0.23630137,0.149648643,0.075542075
Ed Ward,R,R,215,16,24,40,-12,284,0.19,16,40,0,0,0,0,0,1,175,EW,0.074418605,0.028625954,0.012048193,0.113664856,0.140410959,0.118701693,0.033634398
Mason Raymond,L,L,86,16,12,28,-11,16,0.33,16,27,0,1,0,0,0,1,176,MR,0.186046512,0.028625954,0.012048193,0.001671542,0.143835616,0.321791052,0.137268804
Josh Jooris,R,R,119,16,21,37,0,55,0.31,12,30,4,5,0,2,1,4,169,JJ,0.134453782,0.028625954,0.048192771,0.017969076,0.181506849,0.227926222,0.114535654
Jordan Leopold,L,D,233,16,55,71,-6,110,0.3,5,34,11,36,0,1,0,2,328,JL,0.068669528,0.028625954,0.024096386,0.040952779,0.160958904,0.108242155,0.050017095
Jamie Lundmark,R,C,99,16,23,39,-6,72,0.39,14,27,2,12,0,0,0,2,130,JL,0.161616162,0.028625954,0.024096386,0.02507313,0.160958904,0.277343886,0.120833716
Paul Baxter,R,D,209,16,39,55,35,568,0.26,14,53,1,1,1,1,0,2,224,PB,0.076555024,0.028625954,0.024096386,0.232344338,0.301369863,0.122588571,0.017477349
Stephane Matteau,L,L,82,16,19,35,19,112,0.43,15,30,0,0,1,5,0,1,121,SM,0.195121951,0.028625954,0.012048193,0.04178855,0.246575342,0.338302382,0.135849934
Brad McCrimmon,L,D,231,16,67,83,109,272,0.36,9,62,3,14,4,7,0,4,277,BMC,0.069264069,0.028625954,0.048192771,0.10865023,0.554794521,0.10932383,0.048958467
Andrei Nazarov,R,L,112,15,31,46,4,108,0.41,14,40,1,6,0,0,0,3,163,AN,0.133928571,0.026717557,0.036144578,0.040117008,0.195205479,0.226970685,0.103508917
Kris Russell,L,D,198,15,63,78,3,40,0.39,8,49,7,28,0,1,2,2,276,KR,0.075757576,0.026717557,0.024096386,0.011700794,0.191780822,0.12113774,0.060834886
Steve Begin,L,L,159,15,11,26,-15,214,0.16,13,24,1,1,1,1,0,3,163,SB,0.094339623,0.026717557,0.036144578,0.084412871,0.130136986,0.154944841,0.065839407
Corey Millen,R,C,92,15,25,40,-11,42,0.43,13,30,2,10,0,0,0,1,130,CM,0.163043478,0.026717557,0.012048193,0.012536565,0.143835616,0.279940663,0.118164804
Steve Chiasson,L,D,168,15,59,74,2,133,0.44,6,37,7,34,2,3,0,3,397,SC,0.089285714,0.026717557,0.036144578,0.050564145,0.188356164,0.145750053,0.068931237
Jim Jackson,R,L,107,15,30,45,10,20,0.42,12,38,1,2,2,5,0,2,161,JJ,0.140186916,0.026717557,0.024096386,0.003343084,0.215753425,0.238356755,0.109394034
Jeff Cowan,L,L,83,14,5,19,-9,130,0.23,12,16,2,3,0,0,0,2,87,JC,0.168674699,0.02480916,0.024096386,0.049310489,0.150684932,0.29018578,0.120741323
Rob Niedermayer,L,C,111,14,24,38,-28,91,0.34,9,27,3,9,2,2,1,2,191,RN,0.126126126,0.02480916,0.024096386,0.033012954,0.085616438,0.212775367,0.093036665
James Patrick,R,D,217,14,56,70,6,82,0.32,10,41,4,24,0,5,0,1,258,JP,0.064516129,0.02480916,0.012048193,0.029251985,0.202054795,0.100685702,0.042928896
Roman Hamrlik,L,D,126,14,50,64,30,144,0.51,11,28,2,34,1,2,0,1,214,RH,0.111111111,0.02480916,0.012048193,0.055160886,0.284246575,0.185457917,0.071656002
Markus Granlund,L,C,86,14,14,28,-3,24,0.33,11,23,1,2,2,3,0,1,111,MG,0.162790698,0.02480916,0.012048193,0.005014626,0.171232877,0.279480769,0.119294395
Denis Gauthier,L,D,384,13,45,58,15,515,0.15,12,47,0,4,1,7,0,3,321,DG,0.033854167,0.022900763,0.036144578,0.210196406,0.232876712,0.0449011,-0.003716476
Scott Nichol,R,C,128,13,14,27,-16,256,0.21,9,20,2,4,2,3,0,0,115,SN,0.1015625,0.022900763,0,0.101964062,0.126712329,0.168085727,0.049131555
Neil Sheehy,R,D,222,13,34,47,25,725,0.21,12,45,1,1,0,1,0,0,193,NS,0.058558559,0.022900763,0,0.297952361,0.267123288,0.089846842,-0.021361659
Tim Jackman,R,R,209,13,23,36,-27,297,0.17,12,32,1,4,0,0,0,1,285,TJ,0.062200957,0.022900763,0.012048193,0.119097367,0.089041096,0.096473611,0.023084144
Brendan Morrison,L,C,94,13,41,54,12,22,0.57,9,38,3,14,1,2,0,1,122,BM,0.138297872,0.022900763,0.012048193,0.004178855,0.22260274,0.234919939,0.101446377
Byron Ritchie,L,C,109,12,8,20,1,137,0.18,11,18,0,0,1,2,0,0,80,BR,0.110091743,0.020992366,0,0.052235687,0.184931507,0.183603338,0.065093434
Alex Chiasson,R,R,81,12,12,24,-6,46,0.3,11,21,0,2,1,1,0,1,104,AC,0.148148148,0.020992366,0.012048193,0.014208107,0.160958904,0.252840961,0.106418096
Kari Eloranta,L,D,255,12,96,108,17,149,0.42,10,75,2,31,0,2,0,0,195,KE,0.047058824,0.020992366,0,0.057250313,0.239726027,0.06892489,0.01821913
Charlie Bourgeois,R,D,162,12,34,46,24,430,0.28,12,44,0,1,0,1,0,0,132,CB,0.074074074,0.020992366,0,0.174676139,0.26369863,0.118074874,0.014393959
Tommy Albelin,L,D,339,12,59,71,-10,92,0.21,6,38,5,27,1,6,1,3,382,TA,0.03539823,0.020992366,0.036144578,0.03343084,0.147260274,0.04771028,0.03256947
Tom Kostopoulos,R,R,140,11,15,26,-18,101,0.19,7,21,3,4,1,1,0,1,157,TK,0.078571429,0.019083969,0.012048193,0.037191809,0.119863014,0.126257101,0.050996972
Chris Lindberg,L,L,79,11,17,28,0,35,0.35,10,24,1,1,0,3,0,1,93,CL,0.139240506,0.019083969,0.012048193,0.009611366,0.181506849,0.236634912,0.100664185
Chris Simon,L,L,85,11,16,27,1,119,0.32,8,21,3,6,0,0,0,3,107,CS,0.129411765,0.019083969,0.036144578,0.044713748,0.184931507,0.218753068,0.098539164
Trent Yawney,L,D,274,11,45,56,20,368,0.2,8,35,2,18,1,3,0,1,227,TY,0.040145985,0.019083969,0.012048193,0.148767238,0.25,0.056348072,0.000718274
Bob Murdoch,L,D,227,11,52,63,30,178,0.28,11,59,0,2,0,2,0,1,239,BM,0.04845815,0.019083969,0.012048193,0.069368993,0.284246575,0.071470743,0.022646992
Travis Hamonic,R,D,193,11,31,42,9,139,0.22,10,39,0,0,1,3,0,1,318,TH,0.056994819,0.019083969,0.012048193,0.053071458,0.212328767,0.087001864,0.032118947
Rhett Warrener,R,D,231,11,26,37,19,239,0.16,7,26,1,3,3,8,1,2,168,RW,0.047619048,0.019083969,0.024096386,0.094860008,0.246575342,0.069944129,0.02296224
Andrew Ference,L,D,224,10,53,63,1,210,0.28,6,30,4,31,0,2,0,0,265,AF,0.044642857,0.017175573,0,0.082741329,0.184931507,0.06452942,0.010981059
Craig Berube,L,L,234,10,17,27,-17,628,0.12,9,26,1,1,0,0,0,3,140,CB,0.042735043,0.017175573,0.036144578,0.257417468,0.123287671,0.061058453,-0.007270266
Anton Babchuk,R,D,104,10,28,38,19,26,0.37,3,23,6,14,1,1,0,2,140,AB,0.096153846,0.017175573,0.024096386,0.005850397,0.246575342,0.158245535,0.075893884
Cory Sarich,R,D,379,10,49,59,22,462,0.16,10,53,0,2,0,4,0,2,285,CS,0.026385224,0.017175573,0.024096386,0.188048475,0.256849315,0.031312539,-0.011318929
Noah Hanifin,L,D,150,10,45,55,6,24,0.37,7,43,2,10,1,2,0,2,248,NH,0.066666667,0.017175573,0.024096386,0.005014626,0.202054795,0.104598265,0.054602131
Cale Hulse,R,D,277,10,44,54,-16,449,0.19,7,43,1,8,2,3,0,0,310,CH,0.036101083,0.017175573,0,0.182615963,0.126712329,0.04898901,-0.015210031
Sheldon Kennedy,R,R,71,10,15,25,8,81,0.35,9,24,1,1,0,0,0,1,98,SK,0.14084507,0.017175573,0.012048193,0.028834099,0.20890411,0.239554163,0.097796499
Ric Nattress,R,D,226,9,53,62,39,204,0.27,9,58,0,1,0,3,1,1,245,RN,0.039823009,0.015267176,0.012048193,0.080234016,0.315068493,0.055760467,0.013808197
Blake Comeau,R,L,91,9,13,22,-9,38,0.24,8,21,0,0,1,1,0,1,161,BC,0.098901099,0.015267176,0.012048193,0.010865023,0.150684932,0.163243727,0.0706753
Bill Lindsay,L,L,132,9,21,30,-15,183,0.23,9,26,0,2,0,2,0,2,204,BL,0.068181818,0.015267176,0.024096386,0.07145842,0.130136986,0.107354844,0.042225164
Deryk Engelland,R,D,226,9,30,39,-7,192,0.17,9,37,0,0,0,2,0,2,229,DE,0.039823009,0.015267176,0.024096386,0.07521939,0.157534247,0.055760467,0.020835219
Ronald Petrovicky,R,R,107,9,12,21,0,139,0.2,7,17,2,4,0,0,0,2,108,RP,0.08411215,0.015267176,0.024096386,0.053071458,0.181506849,0.136337568,0.057495646
Joel Bouchard,L,D,126,9,12,21,-23,110,0.17,7,16,0,2,2,3,0,1,112,JB,0.071428571,0.015267176,0.012048193,0.040952779,0.102739726,0.1132618,0.044664978
Roger Johansson,L,D,150,8,34,42,31,157,0.28,7,36,1,5,0,1,0,0,165,RJ,0.053333333,0.013358779,0,0.060593397,0.287671233,0.08034037,0.021353346
Michel Petit,R,D,134,8,40,48,2,243,0.36,3,35,5,12,0,1,0,0,229,MP,0.059701493,0.013358779,0,0.09653155,0.188356164,0.09192623,0.01880006
Brian McGrattan,R,R,137,8,7,15,-7,239,0.11,8,15,0,0,0,0,0,1,126,BMG,0.058394161,0.013358779,0.012048193,0.094860008,0.157534247,0.089547746,0.024207071
Darren McCarty,R,R,99,7,6,13,-4,175,0.13,6,11,1,2,0,0,0,0,82,DMC,0.070707071,0.011450382,0,0.068115336,0.167808219,0.111949143,0.032301628
Todd Hlushko,L,L,77,7,13,20,-1,84,0.26,7,19,0,0,0,1,0,0,92,TH,0.090909091,0.011450382,0,0.030087756,0.178082192,0.14870353,0.054608899
Kevin Dahl,R,D,179,7,22,29,10,149,0.16,6,27,1,2,0,0,0,1,124,KD,0.039106145,0.011450382,0.012048193,0.057250313,0.215753425,0.054456247,0.017501571
Rasmus Andersson,R,D,160,7,34,41,8,84,0.26,7,35,0,6,0,0,0,0,247,RA,0.04375,0.011450382,0,0.030087756,0.20890411,0.062905007,0.02028949
Michael Stone,R,D,148,7,21,28,-11,74,0.19,7,27,0,1,0,0,0,0,191,MS,0.047297297,0.011450382,0,0.025908901,0.143835616,0.069358755,0.02370676
Wayne Primeau,L,C,94,6,15,21,-8,76,0.22,5,20,0,0,1,1,0,2,96,WP,0.063829787,0.009541985,0.024096386,0.026744672,0.154109589,0.099437011,0.047428261
Jeff Friesen,L,L,72,6,6,12,-2,34,0.17,5,9,0,1,1,2,0,0,55,JF,0.083333333,0.009541985,0,0.009193481,0.174657534,0.134920635,0.053083756
Roman Horak,L,C,82,5,13,18,-2,16,0.22,5,17,0,0,0,1,0,1,81,RH,0.06097561,0.007633588,0.012048193,0.001671542,0.174657534,0.094244286,0.044150861
Chris Butler,L,D,194,5,34,39,-42,92,0.2,4,34,0,3,1,2,1,1,185,CB,0.025773196,0.007633588,0.012048193,0.03343084,0.037671233,0.03019905,0.012180907
Brian Glynn,L,D,77,5,15,20,-2,106,0.26,1,9,4,10,0,1,0,1,88,BG,0.064935065,0.007633588,0.012048193,0.039281237,0.174657534,0.101447889,0.039510364
Oliver Kylington,L,D,87,5,10,15,-3,26,0.17,5,15,0,0,0,0,0,1,59,OK,0.057471264,0.007633588,0.012048193,0.005850397,0.171232877,0.087868682,0.040764849
Bob Boughner,R,D,148,5,18,23,14,296,0.16,5,20,0,2,0,1,0,1,120,BB,0.033783784,0.007633588,0.012048193,0.118679482,0.229452055,0.04477305,0.000960779
Adam Pardy,L,D,147,4,22,26,3,141,0.18,4,25,0,1,0,0,0,0,114,AP,0.027210884,0.005725191,0,0.053907229,0.191780822,0.032814697,0.002916952
Rob Ramage,R,D,80,4,19,23,42,193,0.29,1,15,3,7,0,1,0,0,103,RR,0.05,0.005725191,0,0.075637275,0.325342466,0.074275896,0.015155422
Steve Montador,R,D,94,4,5,9,-12,201,0.1,4,8,0,1,0,0,0,1,118,SM,0.042553191,0.005725191,0.012048193,0.078980359,0.140410959,0.060727603,0.015091585
Todd Simpson,L,D,214,4,26,30,-6,500,0.14,4,28,0,0,0,2,0,1,191,TS,0.018691589,0.005725191,0.012048193,0.203928124,0.160958904,0.017315183,-0.027262936
Igor Kravchuk,L,D,115,4,30,34,-9,23,0.3,3,13,1,20,0,1,0,1,189,IK,0.034782609,0.005725191,0.012048193,0.00459674,0.150684932,0.046590254,0.024313369
Petr Buzek,L,D,76,4,8,12,-2,28,0.16,1,9,3,3,0,0,0,0,82,PB,0.052631579,0.005725191,0,0.006686168,0.174657534,0.079063638,0.030860741
Steve Dubinsky,L,R,84,4,11,15,-19,18,0.18,2,12,0,0,2,3,0,0,98,SD,0.047619048,0.005725191,0,0.002507313,0.116438356,0.069944129,0.028048708
Chris Dahlquist,L,D,151,4,18,22,5,118,0.15,4,19,0,1,0,2,0,1,121,CD,0.026490066,0.005725191,0.012048193,0.044295863,0.198630137,0.031503282,0.010338756
Richie Dunn,L,D,80,3,11,14,-3,47,0.18,3,13,0,1,0,0,0,1,88,RD,0.0375,0.003816794,0.012048193,0.014625992,0.171232877,0.051534119,0.024094225
Jamie Huscroft,R,D,109,3,13,16,16,279,0.15,3,16,0,0,0,0,0,1,90,JH,0.027522936,0.003816794,0.012048193,0.111575428,0.23630137,0.033382425,-0.00255634
Brad Marsh,L,D,177,3,22,25,-34,216,0.14,3,24,0,0,0,1,0,0,148,BM,0.016949153,0.003816794,0,0.085248642,0.065068493,0.014145095,-0.011010011
Dan Keczmer,L,D,98,3,23,26,-1,72,0.27,3,12,0,14,0,0,0,0,150,DK,0.030612245,0.003816794,0,0.02507313,0.178082192,0.039002935,0.010968228
Brandon Bollig,L,L,116,3,6,9,-19,191,0.08,3,9,0,0,0,0,0,0,123,BB,0.025862069,0.003816794,0,0.074801504,0.116438356,0.03036074,-0.002434325
Brett Kulak,L,D,101,2,9,11,-8,41,0.11,2,11,0,0,0,0,0,0,101,BK,0.01980198,0.001908397,0,0.012118679,0.154109589,0.019335365,0.00550125
Blake Sloan,R,R,74,2,10,12,-4,32,0.16,2,12,0,0,0,0,0,0,63,BS,0.027027027,0.001908397,0,0.00835771,0.167808219,0.032480197,0.011511377
Derek Smith,L,D,83,2,11,13,-16,24,0.16,2,9,0,4,0,0,0,1,74,DS,0.024096386,0.001908397,0.012048193,0.005014626,0.126712329,0.027148358,0.016071354
Ladislav Smid,L,D,109,1,6,7,-23,81,0.06,1,7,0,0,0,0,0,0,67,LS,0.009174312,0,0,0.028834099,0.102739726,0,-0.00576682
Steve Smith,L,D,102,1,20,21,-12,139,0.21,1,19,0,2,0,0,0,0,55,SS,0.009803922,0,0,0.053071458,0.140410959,0.001145475,-0.010156102
