Player,S/C,Pos,GP,G,A,P,+/-,PIM,P/GP,EVG,EVP,PPG,PPP,SHG,SHP,OTG,GWG,S,S%,TOI/GP,FOW%
Rick Adduono,L,C,3.00,0.00,0.00,0.00,-1.00,2.00,0.00,0.00,0.00,0.00,0.00,0.00,0.00,0.00,0.00,1.00,0,--,--
Kenny Agostino,L,L,10.00,1.00,1.00,2.00,-4.00,0.00,0.20,1.00,2.00,0.00,0.00,0.00,0.00,0.00,0.00,15.00,6.7,11:35,--
Peter Ahola,L,D,2.00,0.00,0.00,0.00,0.00,0.00,0.00,0.00,0.00,0.00,0.00,0.00,0.00,0.00,0.00,1.00,0,--,--
Tommy Albelin,L,D,339.00,12.00,59.00,71.00,-10.00,92.00,0.21,6.00,38.00,5.00,27.00,1.00,6.00,1.00,3.00,382.00,3.1,--,0
Akim Aliu,R,R,7.00,2.00,1.00,3.00,1.00,26.00,0.43,2.00,3.00,0.00,0.00,0.00,0.00,0.00,0.00,5.00,40,10:55,--
Jamie Allison,L,D,101.00,3.00,10.00,13.00,-4.00,163.00,0.13,3.00,11.00,0.00,0.00,0.00,2.00,0.00,1.00,49.00,6.1,--,0
Tony Amonte,L,R,161.00,24.00,48.00,72.00,-1.00,83.00,0.45,18.00,48.00,4.00,20.00,2.00,4.00,0.00,4.00,294.00,8.2,15:37,32.1
Erik Andersson,L,R,12.00,2.00,1.00,3.00,-4.00,8.00,0.25,2.00,3.00,0.00,0.00,0.00,0.00,0.00,0.00,11.00,18.2,10:17,47.3
Niklas Andersson,L,L,11.00,0.00,1.00,1.00,0.00,4.00,0.09,0.00,1.00,0.00,0.00,0.00,0.00,0.00,0.00,8.00,0,11:10,25
Rasmus Andersson,R,D,160.00,7.00,34.00,41.00,8.00,84.00,0.26,7.00,35.00,0.00,6.00,0.00,0.00,0.00,0.00,247.00,2.8,17:43,--
Bill Arnold,R,C,1.00,0.00,0.00,0.00,-1.00,0.00,0.00,0.00,0.00,0.00,0.00,0.00,0.00,0.00,0.00,0.00,--,13:35,55.6
Brent Ashton,L,L,32.00,8.00,11.00,19.00,11.00,41.00,0.59,6.00,14.00,0.00,2.00,2.00,3.00,0.00,1.00,58.00,13.8,--,--
Adrian Aucoin,R,D,157.00,20.00,49.00,69.00,5.00,83.00,0.44,12.00,36.00,8.00,32.00,0.00,1.00,1.00,4.00,247.00,8.1,21:39,--
Anton Babchuk,R,D,104.00,10.00,28.00,38.00,19.00,26.00,0.37,3.00,23.00,6.00,14.00,1.00,1.00,0.00,2.00,140.00,7.1,15:01,--
Mikael Backlund,L,C,690.00,145.00,220.00,365.00,33.00,335.00,0.53,103.00,272.00,28.00,71.00,14.00,22.00,7.00,29.00,1574.00,9.2,16:48,48.2
Sven Baertschi,L,L,66.00,8.00,20.00,28.00,-5.00,22.00,0.42,7.00,24.00,1.00,4.00,0.00,0.00,0.00,0.00,79.00,10.1,12:34,100
Carter Bancks,L,L,2.00,0.00,0.00,0.00,0.00,0.00,0.00,0.00,0.00,0.00,0.00,0.00,0.00,0.00,0.00,0.00,--,14:41,--
Robin Bartel,L,D,1.00,0.00,0.00,0.00,-1.00,0.00,0.00,0.00,0.00,0.00,0.00,0.00,0.00,0.00,0.00,0.00,--,--,--
Matt Bartkowski,L,D,42.00,1.00,4.00,5.00,-7.00,30.00,0.12,1.00,5.00,0.00,0.00,0.00,0.00,0.00,0.00,37.00,2.7,14:31,--
Bob Bassen,L,L,41.00,1.00,2.00,3.00,-13.00,35.00,0.07,1.00,3.00,0.00,0.00,0.00,0.00,0.00,0.00,47.00,2.1,12:36,40
Paul Baxter,R,D,209.00,16.00,39.00,55.00,35.00,568.00,0.26,14.00,53.00,1.00,1.00,1.00,1.00,0.00,2.00,224.00,7.1,--,--
Serge Beaudoin,L,D,3.00,0.00,0.00,0.00,-1.00,0.00,0.00,0.00,0.00,0.00,0.00,0.00,0.00,0.00,0.00,1.00,0,--,--
Eddy Beers,L,L,226.00,87.00,105.00,192.00,23.00,232.00,0.85,52.00,135.00,35.00,57.00,0.00,0.00,1.00,7.00,524.00,16.6,--,--
Steve Begin,L,L,159.00,15.00,11.00,26.00,-15.00,214.00,0.16,13.00,24.00,1.00,1.00,1.00,1.00,0.00,3.00,163.00,9.2,8:44,52
Wade Belak,R,R,72.00,0.00,3.00,3.00,-3.00,224.00,0.04,0.00,3.00,0.00,0.00,0.00,0.00,0.00,0.00,21.00,0,7:45,0
Curt Bennett,L,R,21.00,1.00,3.00,4.00,-6.00,0.00,0.19,1.00,4.00,0.00,0.00,0.00,0.00,0.00,0.00,23.00,4.4,--,--
Sam Bennett,L,C,364.00,63.00,65.00,128.00,-53.00,300.00,0.35,51.00,105.00,12.00,22.00,0.00,1.00,0.00,5.00,613.00,10.3,14:12,48.2
Perry Berezan,R,C,152.00,31.00,42.00,73.00,45.00,154.00,0.48,25.00,64.00,0.00,0.00,6.00,9.00,0.00,5.00,279.00,11.1,--,--
Jonas Bergqvist,L,R,22.00,2.00,5.00,7.00,10.00,10.00,0.32,2.00,7.00,0.00,0.00,0.00,0.00,0.00,0.00,30.00,6.7,--,--
Todd Bertuzzi,L,R,66.00,15.00,29.00,44.00,-13.00,74.00,0.67,9.00,28.00,6.00,16.00,0.00,0.00,1.00,4.00,127.00,11.8,18:36,46.7
Craig Berube,L,L,234.00,10.00,17.00,27.00,-17.00,628.00,0.12,9.00,26.00,1.00,1.00,0.00,0.00,0.00,3.00,140.00,7.1,--,41.8
Blair Betts,L,C,35.00,3.00,5.00,8.00,1.00,12.00,0.23,2.00,7.00,1.00,1.00,0.00,0.00,0.00,2.00,41.00,7.3,11:29,53.4
Chad Billins,L,D,10.00,0.00,3.00,3.00,-3.00,0.00,0.30,0.00,3.00,0.00,0.00,0.00,0.00,0.00,0.00,3.00,0,12:13,--
Bob Bodak,L,L,3.00,0.00,0.00,0.00,-2.00,22.00,0.00,0.00,0.00,0.00,0.00,0.00,0.00,0.00,0.00,0.00,--,--,--
Ivan Boldirev,L,C,52.00,16.00,24.00,40.00,-1.00,20.00,0.77,15.00,32.00,1.00,8.00,0.00,0.00,0.00,2.00,116.00,13.8,--,--
Dan Bolduc,L,R,2.00,0.00,1.00,1.00,1.00,0.00,0.50,0.00,1.00,0.00,0.00,0.00,0.00,0.00,0.00,4.00,0,--,--
Brandon Bollig,L,L,116.00,3.00,6.00,9.00,-19.00,191.00,0.08,3.00,9.00,0.00,0.00,0.00,0.00,0.00,0.00,123.00,2.4,8:55,62.5
Nikolai Borschevsky,L,R,8.00,0.00,5.00,5.00,7.00,0.00,0.63,0.00,4.00,0.00,1.00,0.00,0.00,0.00,0.00,12.00,0,--,--
Jason Botterill,L,L,6.00,1.00,0.00,1.00,-7.00,2.00,0.17,0.00,0.00,1.00,1.00,0.00,0.00,0.00,1.00,6.00,16.7,8:58,--
Joel Bouchard,L,D,126.00,9.00,12.00,21.00,-23.00,110.00,0.17,7.00,16.00,0.00,2.00,2.00,3.00,0.00,1.00,112.00,8,--,--
Bob Boughner,R,D,148.00,5.00,18.00,23.00,14.00,296.00,0.16,5.00,20.00,0.00,2.00,0.00,1.00,0.00,1.00,120.00,4.2,19:07,--
Lance Bouma,L,L,304.00,27.00,40.00,67.00,-8.00,174.00,0.22,26.00,62.00,0.00,1.00,1.00,4.00,0.00,5.00,323.00,8.4,12:04,34
Charlie Bourgeois,R,D,162.00,12.00,34.00,46.00,24.00,430.00,0.28,12.00,44.00,0.00,1.00,0.00,1.00,0.00,0.00,132.00,9.1,--,--
Rene Bourque,L,R,249.00,88.00,76.00,164.00,5.00,241.00,0.66,67.00,122.00,15.00,34.00,6.00,8.00,1.00,12.00,673.00,13.1,17:26,41.3
Jay Bouwmeester,L,D,279.00,18.00,79.00,97.00,-38.00,134.00,0.35,13.00,59.00,5.00,35.00,0.00,3.00,0.00,2.00,413.00,4.4,25:52,--
Dustin Boyd,L,C,192.00,28.00,29.00,57.00,-12.00,35.00,0.30,26.00,49.00,1.00,5.00,1.00,3.00,0.00,7.00,208.00,13.5,11:44,47.8
Steve Bozek,L,L,261.00,64.00,79.00,143.00,22.00,80.00,0.55,50.00,119.00,7.00,13.00,7.00,11.00,0.00,10.00,487.00,13.1,--,--
Brian Bradley,R,C,45.00,10.00,19.00,29.00,5.00,16.00,0.64,8.00,20.00,2.00,9.00,0.00,0.00,0.00,2.00,68.00,14.7,--,--
Chris Breen,L,D,9.00,0.00,2.00,2.00,1.00,5.00,0.22,0.00,2.00,0.00,0.00,0.00,0.00,0.00,0.00,4.00,0,9:23,--
Mel Bridgman,L,C,142.00,45.00,80.00,125.00,16.00,197.00,0.88,28.00,86.00,15.00,36.00,2.00,3.00,0.00,4.00,272.00,16.5,--,--
Travis Brigley,L,L,19.00,0.00,2.00,2.00,-6.00,6.00,0.11,0.00,1.00,0.00,0.00,0.00,1.00,0.00,0.00,18.00,0,13:57,26.7
TJ Brodie,L,D,634.00,48.00,218.00,266.00,14.00,194.00,0.42,35.00,191.00,10.00,65.00,3.00,10.00,6.00,12.00,768.00,6.3,22:35,0
Troy Brouwer,R,R,150.00,19.00,28.00,47.00,-18.00,84.00,0.31,13.00,28.00,5.00,16.00,1.00,3.00,0.00,2.00,165.00,11.5,15:04,43.1
Jeff Brubaker,L,L,4.00,0.00,0.00,0.00,-1.00,19.00,0.00,0.00,0.00,0.00,0.00,0.00,0.00,0.00,0.00,2.00,0,--,--
Randy Bucyk,L,C,2.00,0.00,0.00,0.00,-1.00,0.00,0.00,0.00,0.00,0.00,0.00,0.00,0.00,0.00,0.00,2.00,0,--,--
Mike Bullard,L,C,136.00,76.00,81.00,157.00,33.00,102.00,1.15,45.00,94.00,31.00,63.00,0.00,0.00,0.00,6.00,368.00,20.7,--,--
Valeri Bure,R,R,256.00,93.00,99.00,192.00,-28.00,100.00,0.75,57.00,114.00,36.00,78.00,0.00,0.00,4.00,13.00,889.00,10.5,18:37,27.3
Marc Bureau,R,C,19.00,1.00,3.00,4.00,-8.00,8.00,0.21,1.00,4.00,0.00,0.00,0.00,0.00,0.00,0.00,12.00,8.3,--,51.4
Chris Butler,L,D,194.00,5.00,34.00,39.00,-42.00,92.00,0.20,4.00,34.00,0.00,3.00,1.00,2.00,1.00,1.00,185.00,2.7,20:00,--
Petr Buzek,L,D,76.00,4.00,8.00,12.00,-2.00,28.00,0.16,1.00,9.00,3.00,3.00,0.00,0.00,0.00,0.00,82.00,4.9,15:22,--
Paul Byron,L,L,130.00,16.00,30.00,46.00,5.00,39.00,0.35,12.00,36.00,3.00,4.00,1.00,6.00,0.00,2.00,122.00,13.1,13:37,33.3
Michael Cammalleri,L,L,216.00,89.00,89.00,178.00,-34.00,111.00,0.82,57.00,109.00,32.00,69.00,0.00,0.00,1.00,19.00,612.00,14.5,18:27,52.4
Brett Carson,R,D,18.00,0.00,1.00,1.00,-1.00,0.00,0.06,0.00,1.00,0.00,0.00,0.00,0.00,0.00,0.00,13.00,0,11:35,--
Andrew Cassels,L,C,151.00,29.00,52.00,81.00,-19.00,50.00,0.54,17.00,45.00,10.00,27.00,2.00,9.00,1.00,5.00,235.00,12.3,18:34,49.6
Gino Cavallini,L,L,54.00,13.00,17.00,30.00,7.00,40.00,0.56,8.00,21.00,5.00,9.00,0.00,0.00,0.00,0.00,95.00,13.7,--,--
Roman Cervenka,L,C,39.00,9.00,8.00,17.00,-13.00,14.00,0.44,8.00,13.00,1.00,4.00,0.00,0.00,0.00,0.00,51.00,17.7,13:08,46.4
Eric Charron,L,D,35.00,0.00,1.00,1.00,-9.00,55.00,0.03,0.00,1.00,0.00,0.00,0.00,0.00,0.00,0.00,18.00,0,11:40,--
Richard Chernomaz,R,R,14.00,1.00,0.00,1.00,-9.00,6.00,0.07,1.00,1.00,0.00,0.00,0.00,0.00,0.00,0.00,28.00,3.6,--,--
Alex Chiasson,R,R,81.00,12.00,12.00,24.00,-6.00,46.00,0.30,11.00,21.00,0.00,2.00,1.00,1.00,0.00,1.00,104.00,11.5,13:23,24.1
Steve Chiasson,L,D,168.00,15.00,59.00,74.00,2.00,133.00,0.44,6.00,37.00,7.00,34.00,2.00,3.00,0.00,3.00,397.00,3.8,--,--
Tom Chorske,R,R,7.00,0.00,0.00,0.00,-5.00,2.00,0.00,0.00,0.00,0.00,0.00,0.00,0.00,0.00,0.00,13.00,0,13:48,71.4
Guy Chouinard,R,C,272.00,98.00,214.00,312.00,-5.00,76.00,1.15,59.00,178.00,39.00,134.00,0.00,0.00,0.00,8.00,689.00,14.2,--,--
Ryan Christie,L,L,2.00,0.00,0.00,0.00,-1.00,0.00,0.00,0.00,0.00,0.00,0.00,0.00,0.00,0.00,0.00,0.00,--,6:10,--
Steve Christoff,R,C,45.00,9.00,8.00,17.00,-2.00,4.00,0.38,9.00,17.00,0.00,0.00,0.00,0.00,0.00,2.00,50.00,18,--,--
Kris Chucko,R,L,2.00,0.00,0.00,0.00,0.00,2.00,0.00,0.00,0.00,0.00,0.00,0.00,0.00,0.00,0.00,0.00,--,7:02,0
Shane Churla,R,R,34.00,1.00,5.00,6.00,-1.00,157.00,0.18,1.00,6.00,0.00,0.00,0.00,0.00,0.00,0.00,17.00,5.9,--,--
Chris Clark,R,R,278.00,35.00,36.00,71.00,-29.00,363.00,0.26,25.00,56.00,9.00,13.00,1.00,2.00,1.00,8.00,462.00,7.6,13:28,34.8
Bill Clement,L,C,211.00,23.00,46.00,69.00,-15.00,93.00,0.33,18.00,54.00,1.00,3.00,4.00,12.00,0.00,4.00,201.00,11.4,--,--
Joe Colborne,L,C,217.00,37.00,63.00,100.00,-19.00,104.00,0.46,31.00,85.00,5.00,14.00,1.00,1.00,0.00,4.00,247.00,15,14:55,51
Blake Comeau,R,L,91.00,9.00,13.00,22.00,-9.00,38.00,0.24,8.00,21.00,0.00,0.00,1.00,1.00,0.00,1.00,161.00,5.6,14:43,39
Mike Commodore,R,D,18.00,0.00,1.00,1.00,-2.00,44.00,0.06,0.00,1.00,0.00,0.00,0.00,0.00,0.00,0.00,15.00,0,14:03,--
Pat Conacher,L,L,7.00,0.00,0.00,0.00,-1.00,0.00,0.00,0.00,0.00,0.00,0.00,0.00,0.00,0.00,0.00,1.00,0,--,--
Craig Conroy,R,C,507.00,97.00,211.00,308.00,62.00,276.00,0.61,77.00,231.00,15.00,64.00,5.00,13.00,2.00,13.00,755.00,12.9,17:20,53.5
Rene Corbet,L,L,68.00,9.00,14.00,23.00,-9.00,70.00,0.34,8.00,19.00,1.00,4.00,0.00,0.00,0.00,0.00,145.00,6.2,13:38,45.8
Yves Courteau,L,R,18.00,2.00,5.00,7.00,2.00,4.00,0.39,2.00,7.00,0.00,0.00,0.00,0.00,0.00,1.00,25.00,8,--,--
Jeff Cowan,L,L,83.00,14.00,5.00,19.00,-9.00,130.00,0.23,12.00,16.00,2.00,3.00,0.00,0.00,0.00,2.00,87.00,16.1,8:59,28.6
Craig Coxe,L,L,7.00,2.00,3.00,5.00,3.00,32.00,0.71,2.00,5.00,0.00,0.00,0.00,0.00,0.00,0.00,5.00,40,--,--
Mark Cundari,L,D,8.00,1.00,2.00,3.00,-6.00,2.00,0.38,0.00,1.00,1.00,2.00,0.00,0.00,0.00,0.00,14.00,7.1,15:17,--
Tony Curtale,L,D,2.00,0.00,0.00,0.00,-1.00,0.00,0.00,0.00,0.00,0.00,0.00,0.00,0.00,0.00,0.00,4.00,0,--,--
Denis Cyr,L,R,66.00,14.00,15.00,29.00,8.00,13.00,0.44,12.00,22.00,2.00,7.00,0.00,0.00,0.00,2.00,96.00,14.6,--,--
Austin Czarnik,R,C,62.00,8.00,13.00,21.00,0.00,8.00,0.34,7.00,17.00,1.00,4.00,0.00,0.00,0.00,3.00,74.00,10.8,11:11,45.7
Kevin Dahl,R,D,179.00,7.00,22.00,29.00,10.00,149.00,0.16,6.00,27.00,1.00,2.00,0.00,0.00,0.00,1.00,124.00,5.7,--,0
Chris Dahlquist,L,D,151.00,4.00,18.00,22.00,5.00,118.00,0.15,4.00,19.00,0.00,1.00,0.00,2.00,0.00,1.00,121.00,3.3,--,--
Brandon Davidson,L,D,7.00,0.00,0.00,0.00,-2.00,0.00,0.00,0.00,0.00,0.00,0.00,0.00,0.00,0.00,0.00,13.00,0,12:16,--
Nigel Dawes,L,L,66.00,14.00,18.00,32.00,1.00,18.00,0.48,10.00,23.00,4.00,9.00,0.00,0.00,0.00,2.00,96.00,14.6,14:32,0
Dale Degray,R,D,28.00,6.00,7.00,13.00,-4.00,29.00,0.46,6.00,12.00,0.00,1.00,0.00,0.00,0.00,1.00,58.00,10.3,--,--
Guillaume Desbiens,R,R,10.00,0.00,0.00,0.00,-1.00,25.00,0.00,0.00,0.00,0.00,0.00,0.00,0.00,0.00,0.00,2.00,0,7:07,50
Raphael Diaz,R,D,56.00,2.00,2.00,4.00,-3.00,10.00,0.07,1.00,3.00,1.00,1.00,0.00,0.00,0.00,1.00,52.00,3.9,12:01,--
Chris Dingman,L,L,72.00,3.00,3.00,6.00,-13.00,166.00,0.08,2.00,5.00,1.00,1.00,0.00,0.00,0.00,0.00,48.00,6.3,7:37,41.7
Bobby Dollas,L,D,49.00,3.00,7.00,10.00,4.00,28.00,0.20,2.00,9.00,1.00,1.00,0.00,0.00,0.00,0.00,36.00,8.3,20:09,--
Robert Dome,L,L,1.00,0.00,0.00,0.00,0.00,0.00,0.00,0.00,0.00,0.00,0.00,0.00,0.00,0.00,0.00,1.00,0,8:16,--
Hnat Domenichelli,L,L,96.00,20.00,23.00,43.00,1.00,31.00,0.45,15.00,34.00,5.00,9.00,0.00,0.00,0.00,2.00,188.00,10.6,--,44.7
Shean Donovan,R,R,175.00,28.00,37.00,65.00,21.00,161.00,0.37,21.00,55.00,3.00,5.00,4.00,5.00,2.00,9.00,292.00,9.6,13:33,37.8
Jim Dowd,R,C,48.00,6.00,8.00,14.00,10.00,12.00,0.29,5.00,12.00,0.00,1.00,1.00,1.00,0.00,0.00,58.00,10.3,12:43,44.5
Chris Drury,R,C,80.00,23.00,30.00,53.00,-9.00,33.00,0.66,17.00,32.00,5.00,20.00,1.00,1.00,0.00,5.00,224.00,10.3,18:21,53.8
Ted Drury,L,C,34.00,5.00,7.00,12.00,-5.00,26.00,0.35,4.00,10.00,0.00,1.00,1.00,1.00,1.00,1.00,43.00,11.6,--,--
Dillon Dube,L,C,70.00,7.00,14.00,21.00,2.00,10.00,0.30,6.00,19.00,1.00,2.00,0.00,0.00,0.00,2.00,82.00,8.5,11:45,38.1
Steve Dubinsky,L,R,84.00,4.00,11.00,15.00,-19.00,18.00,0.18,2.00,12.00,0.00,0.00,2.00,3.00,0.00,0.00,98.00,4.1,13:56,47.9
Richie Dunn,L,D,80.00,3.00,11.00,14.00,-3.00,47.00,0.18,3.00,13.00,0.00,1.00,0.00,0.00,0.00,1.00,88.00,3.4,--,--
Micki Dupont,R,D,18.00,1.00,2.00,3.00,-5.00,6.00,0.17,1.00,1.00,0.00,2.00,0.00,0.00,0.00,0.00,29.00,3.5,15:38,--
Mike Dwyer,L,L,9.00,0.00,3.00,3.00,-1.00,4.00,0.33,0.00,3.00,0.00,0.00,0.00,0.00,0.00,0.00,11.00,0,--,--
Bruce Eakin,L,C,9.00,2.00,1.00,3.00,-3.00,4.00,0.33,2.00,3.00,0.00,0.00,0.00,0.00,0.00,0.00,8.00,25,--,--
Dallas Eakins,L,D,20.00,0.00,1.00,1.00,0.00,15.00,0.05,0.00,1.00,0.00,0.00,0.00,0.00,0.00,0.00,4.00,0,12:37,--
Mike Eaves,R,C,117.00,28.00,65.00,93.00,21.00,30.00,0.79,22.00,72.00,4.00,16.00,2.00,5.00,1.00,4.00,214.00,13.1,--,--
Neil Eisenhut,L,C,3.00,0.00,0.00,0.00,0.00,0.00,0.00,0.00,0.00,0.00,0.00,0.00,0.00,0.00,0.00,2.00,0,--,--
Kari Eloranta,L,D,255.00,12.00,96.00,108.00,17.00,149.00,0.42,10.00,75.00,2.00,31.00,0.00,2.00,0.00,0.00,195.00,6.2,--,--
Turner Elson,L,C,1.00,0.00,1.00,1.00,1.00,0.00,1.00,0.00,1.00,0.00,0.00,0.00,0.00,0.00,0.00,0.00,--,14:54,--
Brian Engblom,L,D,32.00,0.00,4.00,4.00,-6.00,28.00,0.13,0.00,4.00,0.00,0.00,0.00,0.00,0.00,0.00,31.00,0,--,--
Deryk Engelland,R,D,226.00,9.00,30.00,39.00,-7.00,192.00,0.17,9.00,37.00,0.00,0.00,0.00,2.00,0.00,2.00,229.00,3.9,16:03,100
Anders Eriksson,L,D,61.00,1.00,17.00,18.00,-5.00,36.00,0.30,0.00,13.00,1.00,5.00,0.00,0.00,0.00,0.00,50.00,2,20:46,--
Leonard Esau,R,D,7.00,0.00,3.00,3.00,-3.00,7.00,0.43,0.00,3.00,0.00,0.00,0.00,0.00,0.00,0.00,8.00,0,--,--
Dean Evason,R,C,67.00,7.00,7.00,14.00,-6.00,38.00,0.21,6.00,10.00,1.00,3.00,0.00,1.00,0.00,1.00,68.00,10.3,--,--
Oscar Fantenberg,L,D,15.00,0.00,1.00,1.00,5.00,7.00,0.07,0.00,1.00,0.00,0.00,0.00,0.00,0.00,0.00,16.00,0,15:50,--
Rico Fata,L,L,27.00,0.00,1.00,1.00,-4.00,10.00,0.04,0.00,1.00,0.00,0.00,0.00,0.00,0.00,0.00,19.00,0,8:08,50
Glen Featherstone,L,D,13.00,1.00,3.00,4.00,-1.00,19.00,0.31,1.00,2.00,0.00,2.00,0.00,0.00,0.00,0.00,27.00,3.7,--,--
Paul Fenton,L,L,31.00,5.00,7.00,12.00,2.00,10.00,0.39,4.00,11.00,0.00,0.00,1.00,1.00,0.00,1.00,59.00,8.5,--,--
Andrew Ference,L,D,224.00,10.00,53.00,63.00,1.00,210.00,0.28,6.00,30.00,4.00,31.00,0.00,2.00,0.00,0.00,265.00,3.8,19:05,25
Brad Ference,R,D,5.00,0.00,0.00,0.00,-1.00,2.00,0.00,0.00,0.00,0.00,0.00,0.00,0.00,0.00,0.00,1.00,0,11:46,--
Craig Ferguson,L,C,8.00,0.00,0.00,0.00,-4.00,4.00,0.00,0.00,0.00,0.00,0.00,0.00,0.00,0.00,0.00,11.00,0,--,--
Micheal Ferland,L,L,250.00,42.00,47.00,89.00,-10.00,135.00,0.36,33.00,76.00,9.00,13.00,0.00,0.00,0.00,2.00,406.00,10.3,12:49,42.1
Theo Fleury,R,R,791.00,364.00,466.00,830.00,148.00,1339.00,1.05,229.00,508.00,107.00,281.00,28.00,41.00,5.00,53.00,2685.00,13.6,--,55.2
Spencer Foo,R,R,4.00,2.00,0.00,2.00,1.00,0.00,0.50,2.00,2.00,0.00,0.00,0.00,0.00,0.00,0.00,16.00,12.5,15:51,100
Derek Forbort,L,D,7.00,0.00,0.00,0.00,-1.00,0.00,0.00,0.00,0.00,0.00,0.00,0.00,0.00,0.00,0.00,7.00,0,17:44,--
Thomas Forslund,L,R,44.00,5.00,11.00,16.00,-6.00,12.00,0.36,5.00,15.00,0.00,0.00,0.00,1.00,0.00,1.00,51.00,9.8,--,--
Nick Fotiu,L,L,51.00,5.00,4.00,9.00,-6.00,166.00,0.18,5.00,9.00,0.00,0.00,0.00,0.00,0.00,1.00,39.00,12.8,--,--
Mark Freer,L,C,2.00,0.00,0.00,0.00,0.00,4.00,0.00,0.00,0.00,0.00,0.00,0.00,0.00,0.00,0.00,0.00,--,--,--
Jeff Friesen,L,L,72.00,6.00,6.00,12.00,-2.00,34.00,0.17,5.00,9.00,0.00,1.00,1.00,2.00,0.00,0.00,55.00,10.9,12:11,38.1
Michael Frolik,L,R,319.00,63.00,82.00,145.00,9.00,158.00,0.45,51.00,123.00,3.00,9.00,9.00,13.00,2.00,11.00,700.00,9,15:25,41.1
Dave Gagner,L,C,82.00,27.00,33.00,60.00,2.00,48.00,0.73,18.00,36.00,9.00,21.00,0.00,3.00,1.00,4.00,228.00,11.8,--,--
TJ Galiardi,L,L,62.00,4.00,13.00,17.00,-13.00,21.00,0.27,3.00,15.00,0.00,0.00,1.00,2.00,0.00,0.00,100.00,4,14:37,40
Johnny Gaudreau,L,L,464.00,151.00,294.00,445.00,19.00,100.00,0.96,118.00,318.00,33.00,127.00,0.00,0.00,7.00,27.00,1248.00,12.1,19:05,32
Denis Gauthier,L,D,384.00,13.00,45.00,58.00,15.00,515.00,0.15,12.00,47.00,0.00,4.00,1.00,7.00,0.00,3.00,321.00,4.1,17:44,--
Aaron Gavey,L,C,67.00,9.00,12.00,21.00,-16.00,58.00,0.31,6.00,17.00,3.00,4.00,0.00,0.00,0.00,2.00,81.00,11.1,--,40.8
Martin Gelinas,L,L,157.00,38.00,49.00,87.00,7.00,121.00,0.55,27.00,66.00,11.00,21.00,0.00,0.00,1.00,6.00,291.00,13.1,15:37,50.4
Carsen Germyn,R,C,4.00,0.00,0.00,0.00,-1.00,0.00,0.00,0.00,0.00,0.00,0.00,0.00,0.00,0.00,0.00,5.00,0,6:43,50
Doug Gilmour,L,C,266.00,81.00,214.00,295.00,104.00,288.00,1.11,48.00,189.00,29.00,93.00,4.00,13.00,0.00,14.00,512.00,15.8,--,--
Mark Giordano,L,D,893.00,134.00,349.00,483.00,96.00,745.00,0.54,76.00,288.00,48.00,173.00,10.00,22.00,7.00,21.00,1887.00,7.1,22:39,--
Tanner Glass,L,L,16.00,0.00,0.00,0.00,-4.00,19.00,0.00,0.00,0.00,0.00,0.00,0.00,0.00,0.00,0.00,14.00,0,9:23,33.3
Curtis Glencross,L,L,418.00,114.00,128.00,242.00,2.00,290.00,0.58,84.00,182.00,22.00,49.00,8.00,11.00,0.00,18.00,784.00,14.5,16:32,43.1
Brian Glynn,L,D,77.00,5.00,15.00,20.00,-2.00,106.00,0.26,1.00,9.00,4.00,10.00,0.00,1.00,0.00,1.00,88.00,5.7,--,--
Eric Godard,R,R,93.00,1.00,2.00,3.00,-8.00,221.00,0.03,1.00,3.00,0.00,0.00,0.00,0.00,0.00,1.00,17.00,5.9,4:31,0
Alexander Godynyuk,L,D,33.00,3.00,5.00,8.00,4.00,23.00,0.24,3.00,5.00,0.00,3.00,0.00,0.00,0.00,0.00,47.00,6.4,--,--
Dave Gorman,R,R,3.00,0.00,0.00,0.00,-1.00,0.00,0.00,0.00,0.00,0.00,0.00,0.00,0.00,0.00,0.00,1.00,0,--,--
Bobby Gould,R,R,20.00,3.00,0.00,3.00,-3.00,4.00,0.15,3.00,3.00,0.00,0.00,0.00,0.00,0.00,1.00,24.00,12.5,--,--
Markus Granlund,L,C,86.00,14.00,14.00,28.00,-3.00,24.00,0.33,11.00,23.00,1.00,2.00,2.00,3.00,0.00,1.00,111.00,12.6,13:07,40.4
Derek Grant,L,C,15.00,0.00,1.00,1.00,-7.00,2.00,0.07,0.00,1.00,0.00,0.00,0.00,0.00,0.00,0.00,22.00,0,10:53,55
Benoit Gratton,L,C,24.00,1.00,5.00,6.00,1.00,24.00,0.25,1.00,6.00,0.00,0.00,0.00,0.00,0.00,0.00,17.00,5.9,8:48,63.6
Josh Green,L,C,36.00,2.00,4.00,6.00,-3.00,24.00,0.17,2.00,6.00,0.00,0.00,0.00,0.00,0.00,0.00,47.00,4.3,11:18,30.8
Kyle Greentree,L,L,2.00,0.00,0.00,0.00,-1.00,0.00,0.00,0.00,0.00,0.00,0.00,0.00,0.00,0.00,0.00,3.00,0,9:18,--
Mark Greig,R,R,8.00,1.00,1.00,2.00,1.00,2.00,0.25,1.00,2.00,0.00,0.00,0.00,0.00,0.00,0.00,5.00,20,--,--
Stu Grimson,L,L,4.00,0.00,0.00,0.00,-1.00,22.00,0.00,0.00,0.00,0.00,0.00,0.00,0.00,0.00,0.00,0.00,--,--,--
Nicklas Grossmann,L,D,3.00,0.00,0.00,0.00,-4.00,2.00,0.00,0.00,0.00,0.00,0.00,0.00,0.00,0.00,0.00,3.00,0,13:01,--
Erik Gustafsson,L,D,7.00,0.00,3.00,3.00,-1.00,2.00,0.43,0.00,2.00,0.00,1.00,0.00,0.00,0.00,0.00,5.00,0,18:01,--
Kevan Guy,R,D,42.00,0.00,7.00,7.00,12.00,33.00,0.17,0.00,7.00,0.00,0.00,0.00,0.00,0.00,0.00,37.00,0,--,--
David Haas,L,L,2.00,1.00,1.00,2.00,2.00,7.00,1.00,1.00,2.00,0.00,0.00,0.00,0.00,0.00,0.00,3.00,33.3,--,--
Marc Habscheid,R,C,46.00,7.00,11.00,18.00,-11.00,42.00,0.39,5.00,11.00,2.00,7.00,0.00,0.00,0.00,2.00,60.00,11.7,--,--
Niklas Hagman,L,L,106.00,17.00,25.00,42.00,0.00,28.00,0.40,12.00,32.00,5.00,10.00,0.00,0.00,0.00,2.00,222.00,7.7,14:18,17.1
David Hale,L,D,69.00,0.00,2.00,2.00,-2.00,56.00,0.03,0.00,2.00,0.00,0.00,0.00,0.00,0.00,0.00,47.00,0,14:11,--
Dougie Hamilton,R,D,245.00,42.00,95.00,137.00,-1.00,174.00,0.56,29.00,94.00,13.00,42.00,0.00,1.00,2.00,12.00,682.00,6.2,20:20,33.3
Freddie Hamilton,R,C,38.00,3.00,2.00,5.00,-3.00,10.00,0.13,2.00,3.00,0.00,0.00,1.00,2.00,0.00,1.00,42.00,7.1,9:38,55.2
Travis Hamonic,R,D,193.00,11.00,31.00,42.00,9.00,139.00,0.22,10.00,39.00,0.00,0.00,1.00,3.00,0.00,1.00,318.00,3.5,20:53,0
Gord Hampson,L,L,4.00,0.00,0.00,0.00,-2.00,5.00,0.00,0.00,0.00,0.00,0.00,0.00,0.00,0.00,0.00,4.00,0,--,--
Roman Hamrlik,L,D,126.00,14.00,50.00,64.00,30.00,144.00,0.51,11.00,28.00,2.00,34.00,1.00,2.00,0.00,1.00,214.00,6.5,23:39,--
Noah Hanifin,L,D,150.00,10.00,45.00,55.00,6.00,24.00,0.37,7.00,43.00,2.00,10.00,1.00,2.00,0.00,2.00,248.00,4,20:58,--
Scott Hannan,L,D,78.00,2.00,10.00,12.00,-10.00,38.00,0.15,2.00,11.00,0.00,0.00,0.00,1.00,0.00,0.00,49.00,4.1,20:21,100
Ben Hanowski,L,R,16.00,1.00,2.00,3.00,-2.00,2.00,0.19,1.00,3.00,0.00,0.00,0.00,0.00,0.00,0.00,14.00,7.1,9:08,33.3
Keith Hanson,R,D,25.00,0.00,2.00,2.00,-14.00,77.00,0.08,0.00,0.00,0.00,0.00,0.00,2.00,0.00,0.00,19.00,0,--,--
Todd Harkins,R,R,20.00,2.00,3.00,5.00,-6.00,29.00,0.25,2.00,5.00,0.00,0.00,0.00,0.00,0.00,0.00,21.00,9.5,--,--
Tim Harrer,R,R,3.00,0.00,0.00,0.00,0.00,2.00,0.00,0.00,0.00,0.00,0.00,0.00,0.00,0.00,0.00,3.00,0,--,--
Garnet Hathaway,R,R,175.00,16.00,24.00,40.00,16.00,219.00,0.23,13.00,36.00,0.00,0.00,3.00,4.00,0.00,5.00,178.00,9,10:47,39.6
Dwayne Hay,L,L,49.00,1.00,3.00,4.00,-4.00,16.00,0.08,1.00,4.00,0.00,0.00,0.00,0.00,0.00,0.00,39.00,2.6,8:24,16.7
Shawn Heaphy,L,C,1.00,0.00,0.00,0.00,0.00,0.00,0.00,0.00,0.00,0.00,0.00,0.00,0.00,0.00,0.00,2.00,0,--,--
Sami Helenius,L,D,7.00,0.00,1.00,1.00,-1.00,8.00,0.14,0.00,1.00,0.00,0.00,0.00,0.00,0.00,0.00,2.00,0,--,--
Paul Henderson,R,L,30.00,7.00,6.00,13.00,5.00,6.00,0.43,6.00,11.00,1.00,2.00,0.00,0.00,0.00,1.00,29.00,24.1,--,--
Jukka Hentunen,R,R,28.00,2.00,3.00,5.00,-9.00,4.00,0.18,1.00,4.00,1.00,1.00,0.00,0.00,0.00,0.00,38.00,5.3,11:09,--
Chris Higgins,L,L,12.00,2.00,1.00,3.00,0.00,0.00,0.25,2.00,3.00,0.00,0.00,0.00,0.00,0.00,0.00,28.00,7.1,15:52,28.6
Dave Hindmarch,R,R,99.00,21.00,17.00,38.00,-14.00,25.00,0.38,21.00,38.00,0.00,0.00,0.00,0.00,0.00,1.00,146.00,14.4,--,--
Jamie Hislop,R,R,215.00,37.00,61.00,98.00,-6.00,65.00,0.46,33.00,93.00,1.00,1.00,3.00,4.00,0.00,2.00,242.00,15.3,--,--
Todd Hlushko,L,L,77.00,7.00,13.00,20.00,-1.00,84.00,0.26,7.00,19.00,0.00,0.00,0.00,1.00,0.00,0.00,92.00,7.6,--,43.8
Jonas Hoglund,R,R,118.00,25.00,24.00,49.00,-13.00,28.00,0.42,22.00,35.00,3.00,14.00,0.00,0.00,0.00,6.00,313.00,8,--,--
Randy Holt,R,D,56.00,0.00,5.00,5.00,-10.00,174.00,0.09,0.00,5.00,0.00,0.00,0.00,0.00,0.00,0.00,15.00,0,--,--
Roman Horak,L,C,82.00,5.00,13.00,18.00,-2.00,16.00,0.22,5.00,17.00,0.00,0.00,0.00,1.00,0.00,1.00,81.00,6.2,11:11,42.7
Phil Housley,L,D,328.00,50.00,188.00,238.00,2.00,140.00,0.73,32.00,117.00,18.00,121.00,0.00,0.00,1.00,4.00,774.00,6.5,--,0
Ken Houston,R,R,192.00,60.00,68.00,128.00,-3.00,284.00,0.67,49.00,108.00,11.00,20.00,0.00,0.00,0.00,8.00,398.00,15.1,--,--
Jiri Hrdina,L,C,157.00,36.00,58.00,94.00,32.00,63.00,0.60,30.00,71.00,6.00,23.00,0.00,0.00,0.00,5.00,264.00,13.6,--,--
Marek Hrivik,R,L,3.00,0.00,0.00,0.00,1.00,0.00,0.00,0.00,0.00,0.00,0.00,0.00,0.00,0.00,0.00,2.00,0,8:30,0
Jiri Hudler,L,R,248.00,68.00,124.00,192.00,7.00,69.00,0.77,54.00,147.00,14.00,45.00,0.00,0.00,2.00,6.00,403.00,16.9,17:50,37
Brett Hull,R,R,57.00,27.00,24.00,51.00,9.00,12.00,0.89,23.00,38.00,4.00,13.00,0.00,0.00,0.00,4.00,158.00,17.1,--,--
Cale Hulse,R,D,277.00,10.00,44.00,54.00,-16.00,449.00,0.19,7.00,43.00,1.00,8.00,2.00,3.00,0.00,0.00,310.00,3.2,--,50
Mark Hunter,R,R,133.00,34.00,26.00,60.00,3.00,358.00,0.45,14.00,32.00,20.00,28.00,0.00,0.00,0.00,2.00,221.00,15.4,--,--
Tim Hunter,R,R,545.00,49.00,59.00,108.00,12.00,2405.00,0.20,46.00,102.00,3.00,6.00,0.00,0.00,0.00,6.00,471.00,10.4,--,--
Jamie Huscroft,R,D,109.00,3.00,13.00,16.00,16.00,279.00,0.15,3.00,16.00,0.00,0.00,0.00,0.00,0.00,1.00,90.00,3.3,--,--
Kristian Huselius,L,L,216.00,74.00,108.00,182.00,33.00,102.00,0.84,46.00,95.00,26.00,83.00,2.00,4.00,0.00,15.00,482.00,15.4,16:53,28.6
Jarome Iginla,R,R,1219.00,525.00,570.00,1095.00,46.00,831.00,0.90,351.00,708.00,161.00,365.00,13.00,22.00,6.00,83.00,3992.00,13.2,--,52.1
Earl Ingarfield,L,C,17.00,2.00,3.00,5.00,0.00,6.00,0.29,2.00,5.00,0.00,0.00,0.00,0.00,0.00,0.00,26.00,7.7,--,--
Raitis Ivanans,L,L,2.00,0.00,0.00,0.00,-2.00,5.00,0.00,0.00,0.00,0.00,0.00,0.00,0.00,0.00,0.00,0.00,--,9:43,--
Tim Jackman,R,R,209.00,13.00,23.00,36.00,-27.00,297.00,0.17,12.00,32.00,1.00,4.00,0.00,0.00,0.00,1.00,285.00,4.6,8:58,42.7
Jim Jackson,R,L,107.00,15.00,30.00,45.00,10.00,20.00,0.42,12.00,38.00,1.00,2.00,2.00,5.00,0.00,2.00,161.00,9.3,--,--
Jason Jaffray,L,L,3.00,0.00,0.00,0.00,-1.00,0.00,0.00,0.00,0.00,0.00,0.00,0.00,0.00,0.00,0.00,4.00,0,6:39,35.7
Jaromir Jagr,L,R,22.00,1.00,6.00,7.00,6.00,10.00,0.32,1.00,6.00,0.00,1.00,0.00,0.00,0.00,0.00,32.00,3.1,13:03,--
Kari Jalonen,R,C,34.00,9.00,6.00,15.00,7.00,4.00,0.44,9.00,15.00,0.00,0.00,0.00,0.00,0.00,1.00,36.00,25,--,--
Mark Jankowski,L,C,208.00,36.00,28.00,64.00,-13.00,59.00,0.31,27.00,51.00,2.00,3.00,7.00,10.00,0.00,4.00,255.00,14.1,12:29,49.3
Marko Jantunen,L,C,3.00,0.00,0.00,0.00,-1.00,0.00,0.00,0.00,0.00,0.00,0.00,0.00,0.00,0.00,0.00,7.00,0,--,--
Andreas Johansson,L,L,28.00,3.00,7.00,10.00,-3.00,14.00,0.36,2.00,8.00,1.00,2.00,0.00,0.00,0.00,0.00,47.00,6.4,13:33,20
Mathias Johansson,L,C,46.00,4.00,5.00,9.00,-15.00,12.00,0.20,3.00,6.00,1.00,3.00,0.00,0.00,0.00,0.00,54.00,7.4,12:22,53.7
Roger Johansson,L,D,150.00,8.00,34.00,42.00,31.00,157.00,0.28,7.00,36.00,1.00,5.00,0.00,1.00,0.00,0.00,165.00,4.9,--,--
Aaron Johnson,L,D,22.00,1.00,2.00,3.00,0.00,19.00,0.14,1.00,3.00,0.00,0.00,0.00,0.00,0.00,0.00,13.00,7.7,12:11,--
Terry Johnson,L,D,24.00,1.00,4.00,5.00,-2.00,71.00,0.21,1.00,4.00,0.00,1.00,0.00,0.00,0.00,0.00,11.00,9.1,--,--
Olli Jokinen,L,C,236.00,59.00,106.00,165.00,-34.00,169.00,0.70,40.00,108.00,19.00,57.00,0.00,0.00,0.00,9.00,660.00,8.9,18:37,47.5
Jyrki Jokipakka,L,D,56.00,1.00,11.00,12.00,0.00,20.00,0.21,1.00,12.00,0.00,0.00,0.00,0.00,0.00,0.00,48.00,2.1,15:33,--
Blair Jones,R,C,50.00,3.00,4.00,7.00,-4.00,39.00,0.14,2.00,5.00,0.00,1.00,1.00,1.00,1.00,1.00,73.00,4.1,12:28,46.4
David Jones,R,R,174.00,32.00,30.00,62.00,-10.00,38.00,0.36,27.00,57.00,5.00,5.00,0.00,0.00,0.00,4.00,285.00,11.2,14:07,50.7
Josh Jooris,R,R,119.00,16.00,21.00,37.00,0.00,55.00,0.31,12.00,30.00,4.00,5.00,0.00,2.00,1.00,4.00,169.00,9.5,13:24,47.3
Dan Keczmer,L,D,98.00,3.00,23.00,26.00,-1.00,72.00,0.27,3.00,12.00,0.00,14.00,0.00,0.00,0.00,0.00,150.00,2,--,--
Sheldon Kennedy,R,R,71.00,10.00,15.00,25.00,8.00,81.00,0.35,9.00,24.00,1.00,1.00,0.00,0.00,0.00,1.00,98.00,10.2,--,--
Kelly Kisio,R,C,63.00,14.00,27.00,41.00,-4.00,34.00,0.65,7.00,23.00,6.00,16.00,1.00,2.00,0.00,1.00,88.00,15.9,--,--
Morgan Klimchuk,L,L,1.00,0.00,0.00,0.00,0.00,0.00,0.00,0.00,0.00,0.00,0.00,0.00,0.00,0.00,0.00,0.00,--,7:25,--
Corban Knight,R,C,9.00,1.00,0.00,1.00,-1.00,0.00,0.11,1.00,1.00,0.00,0.00,0.00,0.00,0.00,0.00,6.00,16.7,7:36,53.2
Chuck Kobasew,R,R,210.00,34.00,37.00,71.00,-18.00,160.00,0.34,19.00,44.00,15.00,27.00,0.00,0.00,0.00,6.00,319.00,10.7,11:46,34.9
Ladislav Kohn,L,R,12.00,1.00,2.00,3.00,2.00,4.00,0.25,1.00,3.00,0.00,0.00,0.00,0.00,0.00,0.00,13.00,7.7,--,50
Krys Kolanos,R,C,13.00,0.00,1.00,1.00,-1.00,2.00,0.08,0.00,1.00,0.00,0.00,0.00,0.00,0.00,0.00,29.00,0,9:51,56.7
Steve Konroyd,L,D,350.00,18.00,83.00,101.00,25.00,386.00,0.29,16.00,81.00,1.00,17.00,1.00,3.00,0.00,2.00,463.00,3.9,--,--
Jim Korn,L,D,9.00,0.00,2.00,2.00,1.00,26.00,0.22,0.00,2.00,0.00,0.00,0.00,0.00,0.00,0.00,3.00,0,--,--
Tom Kostopoulos,R,R,140.00,11.00,15.00,26.00,-18.00,101.00,0.19,7.00,21.00,3.00,4.00,1.00,1.00,0.00,1.00,157.00,7,12:27,28.5
Ales Kotalik,R,R,52.00,7.00,4.00,11.00,-6.00,37.00,0.21,5.00,8.00,2.00,3.00,0.00,0.00,0.00,3.00,134.00,5.2,13:29,57.9
Igor Kravchuk,L,D,115.00,4.00,30.00,34.00,-9.00,23.00,0.30,3.00,13.00,1.00,20.00,0.00,1.00,0.00,1.00,189.00,2.1,20:12,--
Sergei Krivokrasov,L,R,12.00,1.00,10.00,11.00,2.00,4.00,0.92,1.00,8.00,0.00,3.00,0.00,0.00,0.00,0.00,27.00,3.7,13:22,--
Richard Kromm,L,L,189.00,43.00,61.00,104.00,42.00,90.00,0.55,42.00,103.00,1.00,1.00,0.00,0.00,0.00,7.00,303.00,14.2,--,--
Staffan Kronwall,L,D,11.00,1.00,2.00,3.00,-1.00,2.00,0.27,1.00,3.00,0.00,0.00,0.00,0.00,0.00,1.00,6.00,16.7,9:54,--
Paul Kruse,L,L,246.00,24.00,29.00,53.00,0.00,614.00,0.22,24.00,53.00,0.00,0.00,0.00,0.00,0.00,3.00,226.00,10.6,--,--
Brett Kulak,L,D,101.00,2.00,9.00,11.00,-8.00,41.00,0.11,2.00,11.00,0.00,0.00,0.00,0.00,0.00,0.00,101.00,2,13:16,--
Oliver Kylington,L,D,87.00,5.00,10.00,15.00,-3.00,26.00,0.17,5.00,15.00,0.00,0.00,0.00,0.00,0.00,1.00,59.00,8.5,13:11,--
Jim Kyte,L,D,63.00,0.00,10.00,10.00,12.00,260.00,0.16,0.00,9.00,0.00,0.00,0.00,1.00,0.00,0.00,42.00,0,--,--
Dan Labraaten,R,L,70.00,19.00,19.00,38.00,-4.00,19.00,0.54,17.00,33.00,2.00,5.00,0.00,0.00,0.00,0.00,99.00,19.2,--,--
Sasha Lakovic,L,L,19.00,0.00,1.00,1.00,-1.00,54.00,0.05,0.00,1.00,0.00,0.00,0.00,0.00,0.00,0.00,10.00,0,--,--
Bobby Lalonde,L,C,4.00,0.00,1.00,1.00,1.00,2.00,0.25,0.00,1.00,0.00,0.00,0.00,0.00,0.00,0.00,3.00,0,--,--
Mark Lamb,L,C,1.00,0.00,0.00,0.00,0.00,0.00,0.00,0.00,0.00,0.00,0.00,0.00,0.00,0.00,0.00,0.00,--,--,--
Eric Landry,L,C,15.00,1.00,1.00,2.00,-1.00,4.00,0.13,1.00,2.00,0.00,0.00,0.00,0.00,0.00,0.00,8.00,12.5,9:39,49.2
Daymond Langkow,L,C,392.00,123.00,165.00,288.00,47.00,159.00,0.73,80.00,174.00,40.00,104.00,3.00,10.00,1.00,22.00,912.00,13.5,18:37,45.5
Claude Lapointe,L,C,32.00,4.00,5.00,9.00,2.00,20.00,0.28,2.00,7.00,0.00,0.00,2.00,2.00,0.00,1.00,44.00,9.1,--,--
Guy Larose,L,C,7.00,0.00,1.00,1.00,-3.00,4.00,0.14,0.00,1.00,0.00,0.00,0.00,0.00,0.00,0.00,3.00,0,--,--
Kevin LaVallee,L,L,212.00,66.00,65.00,131.00,-20.00,63.00,0.62,56.00,103.00,10.00,28.00,0.00,0.00,0.00,7.00,438.00,15.1,--,--
Curtis Lazar,R,C,70.00,3.00,12.00,15.00,-7.00,23.00,0.21,3.00,15.00,0.00,0.00,0.00,0.00,0.00,1.00,67.00,4.5,9:54,41.6
Patrick Lebeau,L,L,1.00,0.00,0.00,0.00,0.00,0.00,0.00,0.00,0.00,0.00,0.00,0.00,0.00,0.00,0.00,0.00,--,--,--
Mike Leclerc,L,L,15.00,1.00,4.00,5.00,0.00,8.00,0.33,1.00,4.00,0.00,1.00,0.00,0.00,0.00,0.00,21.00,4.8,12:14,0
Gary Leeman,R,R,59.00,11.00,12.00,23.00,-6.00,37.00,0.39,10.00,18.00,1.00,5.00,0.00,0.00,0.00,2.00,99.00,11.1,--,--
Jocelyn Lemieux,L,R,20.00,4.00,4.00,8.00,-1.00,10.00,0.40,4.00,8.00,0.00,0.00,0.00,0.00,0.00,0.00,27.00,14.8,--,--
Jordan Leopold,L,D,233.00,16.00,55.00,71.00,-6.00,110.00,0.30,5.00,34.00,11.00,36.00,0.00,1.00,0.00,2.00,328.00,4.9,21:45,--
Rick Lessard,L,D,7.00,0.00,2.00,2.00,-3.00,2.00,0.29,0.00,2.00,0.00,0.00,0.00,0.00,0.00,0.00,0.00,--,--,--
Alan Letang,L,D,2.00,0.00,0.00,0.00,-2.00,0.00,0.00,0.00,0.00,0.00,0.00,0.00,0.00,0.00,0.00,0.00,--,11:06,--
Pierre-Luc Letourneau-Leblond,L,R,3.00,0.00,0.00,0.00,1.00,10.00,0.00,0.00,0.00,0.00,0.00,0.00,0.00,0.00,0.00,3.00,0,4:51,--
Don Lever,L,C,113.00,48.00,58.00,106.00,11.00,66.00,0.94,40.00,88.00,6.00,16.00,2.00,2.00,0.00,5.00,286.00,16.8,--,--
Chris Lindberg,L,L,79.00,11.00,17.00,28.00,0.00,35.00,0.35,10.00,24.00,1.00,1.00,0.00,3.00,0.00,1.00,93.00,11.8,--,--
Elias Lindholm,R,C,151.00,56.00,76.00,132.00,22.00,42.00,0.87,38.00,83.00,17.00,45.00,1.00,4.00,1.00,12.00,351.00,16,19:53,52
Bill Lindsay,L,L,132.00,9.00,21.00,30.00,-15.00,183.00,0.23,9.00,26.00,0.00,2.00,0.00,2.00,0.00,2.00,204.00,4.4,11:59,43.2
Matthew Lombardi,L,C,347.00,65.00,102.00,167.00,18.00,225.00,0.48,43.00,120.00,11.00,34.00,11.00,13.00,1.00,17.00,678.00,9.6,15:49,49.4
Ryan Lomberg,L,L,11.00,0.00,1.00,1.00,0.00,32.00,0.09,0.00,1.00,0.00,0.00,0.00,0.00,0.00,0.00,6.00,0,6:31,0
Hakan Loob,L,R,450.00,193.00,236.00,429.00,103.00,189.00,0.95,142.00,293.00,42.00,117.00,9.00,19.00,1.00,17.00,1126.00,17.1,--,--
Dave Lowry,L,L,193.00,31.00,38.00,69.00,-24.00,131.00,0.36,22.00,52.00,8.00,16.00,1.00,1.00,0.00,6.00,231.00,13.4,14:38,17.9
Lynn Loyns,L,C,13.00,0.00,2.00,2.00,-2.00,2.00,0.15,0.00,1.00,0.00,0.00,0.00,1.00,0.00,0.00,6.00,0,10:50,44.2
Milan Lucic,L,L,68.00,8.00,12.00,20.00,-6.00,54.00,0.29,3.00,12.00,5.00,8.00,0.00,0.00,0.00,1.00,83.00,9.6,13:20,43.5
Jamie Lundmark,R,C,99.00,16.00,23.00,39.00,-6.00,72.00,0.39,14.00,27.00,2.00,12.00,0.00,0.00,0.00,2.00,130.00,12.3,11:59,53.3
Toni Lydman,L,D,289.00,19.00,74.00,93.00,-16.00,140.00,0.32,12.00,47.00,7.00,43.00,0.00,3.00,1.00,1.00,442.00,4.3,22:16,--
Lane MacDermid,L,L,1.00,0.00,0.00,0.00,-1.00,7.00,0.00,0.00,0.00,0.00,0.00,0.00,0.00,0.00,0.00,0.00,--,4:08,--
Craig MacDonald,L,C,25.00,3.00,2.00,5.00,5.00,8.00,0.20,2.00,4.00,1.00,1.00,0.00,0.00,0.00,0.00,27.00,11.1,10:16,45.5
Al MacInnis,R,D,803.00,213.00,609.00,822.00,239.00,960.00,1.02,107.00,325.00,102.00,481.00,4.00,16.00,1.00,22.00,2891.00,7.4,--,--
Brian MacLellan,L,L,134.00,35.00,35.00,70.00,15.00,95.00,0.52,20.00,50.00,15.00,20.00,0.00,0.00,0.00,5.00,224.00,15.6,--,--
Bob MacMillan,L,R,177.00,54.00,81.00,135.00,10.00,71.00,0.76,42.00,107.00,5.00,20.00,7.00,8.00,0.00,6.00,357.00,15.1,--,--
Jamie Macoun,L,D,586.00,62.00,184.00,246.00,213.00,666.00,0.42,54.00,219.00,4.00,18.00,4.00,9.00,1.00,6.00,966.00,6.4,--,--
Sergei Makarov,L,R,297.00,94.00,198.00,292.00,62.00,199.00,0.98,68.00,200.00,26.00,92.00,0.00,0.00,0.00,14.00,399.00,23.6,--,--
Tomi Maki,L,R,1.00,0.00,0.00,0.00,0.00,0.00,0.00,0.00,0.00,0.00,0.00,0.00,0.00,0.00,0.00,0.00,--,10:56,--
Stewart Malgunas,--,D,4.00,0.00,1.00,1.00,1.00,2.00,0.25,0.00,1.00,0.00,0.00,0.00,0.00,0.00,0.00,0.00,--,12:57,--
Andrew Mangiapane,L,L,122.00,25.00,20.00,45.00,12.00,32.00,0.37,25.00,44.00,0.00,1.00,0.00,0.00,0.00,3.00,181.00,13.8,12:10,35.9
Bryan Marchment,L,D,37.00,1.00,2.00,3.00,8.00,75.00,0.08,1.00,3.00,0.00,0.00,0.00,0.00,0.00,0.00,16.00,6.3,13:07,0
Nevin Markwart,L,L,10.00,2.00,1.00,3.00,-2.00,25.00,0.30,2.00,3.00,0.00,0.00,0.00,0.00,0.00,0.00,4.00,50,--,--
Brad Marsh,L,D,177.00,3.00,22.00,25.00,-34.00,216.00,0.14,3.00,24.00,0.00,0.00,0.00,1.00,0.00,0.00,148.00,2,--,--
Stephane Matteau,L,L,82.00,16.00,19.00,35.00,19.00,112.00,0.43,15.00,30.00,0.00,0.00,1.00,5.00,0.00,1.00,121.00,13.2,--,--
Alan May,R,L,7.00,1.00,2.00,3.00,2.00,13.00,0.43,1.00,3.00,0.00,0.00,0.00,0.00,0.00,0.00,5.00,20,--,--
Jamal Mayers,R,R,27.00,1.00,5.00,6.00,2.00,53.00,0.22,1.00,6.00,0.00,0.00,0.00,0.00,0.00,1.00,28.00,3.6,9:11,55.7
Gary Mcadam,L,R,46.00,12.00,15.00,27.00,-6.00,18.00,0.59,12.00,25.00,0.00,0.00,0.00,2.00,0.00,1.00,72.00,16.7,--,--
Dean McAmmond,L,C,137.00,38.00,43.00,81.00,11.00,78.00,0.59,26.00,52.00,11.00,26.00,1.00,3.00,1.00,9.00,253.00,15,17:58,50.1
Sandy McCarthy,R,R,276.00,30.00,25.00,55.00,-36.00,730.00,0.20,25.00,45.00,5.00,10.00,0.00,0.00,2.00,5.00,272.00,11,--,22.2
Darren McCarty,R,R,99.00,7.00,6.00,13.00,-4.00,175.00,0.13,6.00,11.00,1.00,2.00,0.00,0.00,0.00,0.00,82.00,8.5,9:40,50.8
Brad McCrimmon,L,D,231.00,16.00,67.00,83.00,109.00,272.00,0.36,9.00,62.00,3.00,14.00,4.00,7.00,0.00,4.00,277.00,5.8,--,--
Lanny McDonald,R,R,492.00,215.00,191.00,406.00,-3.00,408.00,0.83,153.00,278.00,61.00,127.00,1.00,1.00,0.00,25.00,1322.00,16.3,--,--
Brian McGrattan,R,R,137.00,8.00,7.00,15.00,-7.00,239.00,0.11,8.00,15.00,0.00,0.00,0.00,0.00,0.00,1.00,126.00,6.4,5:58,50
Marty McInnis,R,L,91.00,23.00,30.00,53.00,-1.00,42.00,0.58,13.00,36.00,6.00,12.00,4.00,5.00,0.00,0.00,154.00,14.9,--,41.3
Alex McKendry,L,L,36.00,3.00,6.00,9.00,-5.00,19.00,0.25,3.00,9.00,0.00,0.00,0.00,0.00,0.00,0.00,30.00,10,--,--
Dale Mctavish,L,C,9.00,1.00,2.00,3.00,-4.00,2.00,0.33,1.00,3.00,0.00,0.00,0.00,0.00,0.00,0.00,14.00,7.1,--,--
Greg Meredith,R,R,38.00,6.00,4.00,10.00,-4.00,8.00,0.26,3.00,7.00,2.00,2.00,1.00,1.00,0.00,0.00,44.00,13.6,--,--
Stefan Meyer,L,L,16.00,0.00,2.00,2.00,0.00,17.00,0.13,0.00,2.00,0.00,0.00,0.00,0.00,0.00,0.00,12.00,0,7:45,41.2
Brendan Mikkelson,L,D,19.00,0.00,1.00,1.00,-5.00,2.00,0.05,0.00,1.00,0.00,0.00,0.00,0.00,0.00,0.00,10.00,0,12:52,--
Corey Millen,R,C,92.00,15.00,25.00,40.00,-11.00,42.00,0.43,13.00,30.00,2.00,10.00,0.00,0.00,0.00,1.00,130.00,11.5,--,--
Brad Miller,L,D,8.00,0.00,1.00,1.00,-2.00,14.00,0.13,0.00,1.00,0.00,0.00,0.00,0.00,0.00,0.00,2.00,0,--,--
Freddy Modin,L,L,4.00,0.00,0.00,0.00,-3.00,2.00,0.00,0.00,0.00,0.00,0.00,0.00,0.00,0.00,0.00,3.00,0,8:28,25
Carl Mokosak,L,L,42.00,7.00,7.00,14.00,-4.00,87.00,0.33,7.00,14.00,0.00,0.00,0.00,0.00,0.00,0.00,38.00,18.4,--,--
Sean Monahan,L,C,541.00,194.00,217.00,411.00,-25.00,119.00,0.76,135.00,287.00,57.00,121.00,2.00,3.00,11.00,40.00,1306.00,14.9,18:20,50.3
Steve Montador,R,D,94.00,4.00,5.00,9.00,-12.00,201.00,0.10,4.00,8.00,0.00,1.00,0.00,0.00,0.00,1.00,118.00,3.4,13:38,0
Jason Morgan,L,C,13.00,0.00,2.00,2.00,1.00,2.00,0.15,0.00,2.00,0.00,0.00,0.00,0.00,0.00,0.00,14.00,0,9:45,44.9
Derek Morris,R,D,343.00,34.00,129.00,163.00,-12.00,385.00,0.48,16.00,83.00,16.00,74.00,2.00,6.00,2.00,10.00,771.00,4.4,22:40,33.3
Brendan Morrison,L,C,94.00,13.00,41.00,54.00,12.00,22.00,0.57,9.00,38.00,3.00,14.00,1.00,2.00,0.00,1.00,122.00,10.7,15:49,49.8
Scott Morrow,L,L,4.00,0.00,0.00,0.00,0.00,0.00,0.00,0.00,0.00,0.00,0.00,0.00,0.00,0.00,0.00,1.00,0,--,--
David Moss,R,R,317.00,61.00,63.00,124.00,-7.00,94.00,0.39,42.00,97.00,19.00,26.00,0.00,1.00,0.00,10.00,666.00,9.2,13:13,42.7
Mike Mottau,L,D,4.00,0.00,0.00,0.00,-1.00,0.00,0.00,0.00,0.00,0.00,0.00,0.00,0.00,0.00,0.00,0.00,--,9:50,--
Rick Mrozik,L,D,2.00,0.00,0.00,0.00,0.00,0.00,0.00,0.00,0.00,0.00,0.00,0.00,0.00,0.00,0.00,2.00,0,10:02,--
Joe Mullen,R,R,345.00,190.00,198.00,388.00,106.00,95.00,1.12,133.00,250.00,53.00,133.00,4.00,5.00,0.00,33.00,978.00,19.4,--,--
Bob Murdoch,L,D,227.00,11.00,52.00,63.00,30.00,178.00,0.28,11.00,59.00,0.00,2.00,0.00,2.00,0.00,1.00,239.00,4.6,--,--
Marty Murray,L,C,26.00,3.00,3.00,6.00,-5.00,6.00,0.23,1.00,2.00,2.00,4.00,0.00,0.00,0.00,0.00,32.00,9.4,--,50.8
Dana Murzyn,L,D,201.00,16.00,39.00,55.00,50.00,406.00,0.27,14.00,49.00,1.00,4.00,1.00,2.00,1.00,2.00,271.00,5.9,--,--
Frantisek Musil,L,D,335.00,18.00,45.00,63.00,96.00,505.00,0.19,14.00,53.00,3.00,7.00,1.00,3.00,0.00,2.00,309.00,5.8,--,--
Jakub Nakladal,R,D,27.00,2.00,3.00,5.00,-5.00,6.00,0.19,2.00,4.00,0.00,1.00,0.00,0.00,0.00,0.00,42.00,4.8,14:11,--
Ric Nattress,R,D,226.00,9.00,53.00,62.00,39.00,204.00,0.27,9.00,58.00,0.00,1.00,0.00,3.00,1.00,1.00,245.00,3.7,--,--
Andrei Nazarov,R,L,112.00,15.00,31.00,46.00,4.00,108.00,0.41,14.00,40.00,1.00,6.00,0.00,0.00,0.00,3.00,163.00,9.2,12:38,100
James Neal,L,L,63.00,7.00,12.00,19.00,-5.00,28.00,0.30,5.00,13.00,2.00,6.00,0.00,0.00,0.00,1.00,141.00,5,14:57,45.5
John Negrin,L,D,3.00,0.00,1.00,1.00,-2.00,2.00,0.33,0.00,1.00,0.00,0.00,0.00,0.00,0.00,0.00,3.00,0,9:59,--
Greg Nemisz,R,R,15.00,0.00,1.00,1.00,0.00,0.00,0.07,0.00,1.00,0.00,0.00,0.00,0.00,0.00,0.00,7.00,0,6:40,39.2
Scott Nichol,R,C,128.00,13.00,14.00,27.00,-16.00,256.00,0.21,9.00,20.00,2.00,4.00,2.00,3.00,0.00,0.00,115.00,11.3,11:36,55.3
Barry Nieckar,L,L,3.00,0.00,0.00,0.00,0.00,12.00,0.00,0.00,0.00,0.00,0.00,0.00,0.00,0.00,0.00,0.00,--,--,--
Rob Niedermayer,L,C,111.00,14.00,24.00,38.00,-28.00,91.00,0.34,9.00,27.00,3.00,9.00,2.00,2.00,1.00,2.00,191.00,7.3,17:35,48.5
Ville Nieminen,L,L,19.00,3.00,5.00,8.00,6.00,18.00,0.42,3.00,7.00,0.00,1.00,0.00,0.00,0.00,1.00,27.00,11.1,14:36,0
Joe Nieuwendyk,L,C,577.00,314.00,302.00,616.00,135.00,330.00,1.07,173.00,369.00,130.00,234.00,11.00,13.00,3.00,43.00,1549.00,20.3,--,--
Marcus Nilson,R,L,194.00,19.00,23.00,42.00,25.00,77.00,0.22,16.00,37.00,3.00,5.00,0.00,0.00,0.00,5.00,222.00,8.6,13:12,43.5
Kent Nilsson,L,C,425.00,229.00,333.00,562.00,-34.00,90.00,1.32,134.00,312.00,79.00,227.00,16.00,23.00,1.00,25.00,1136.00,20.2,--,--
Owen Nolan,R,R,77.00,16.00,16.00,32.00,6.00,71.00,0.42,14.00,25.00,1.00,6.00,1.00,1.00,0.00,3.00,163.00,9.8,16:33,52.3
Lee Norwood,L,D,16.00,0.00,1.00,1.00,3.00,16.00,0.06,0.00,1.00,0.00,0.00,0.00,0.00,0.00,0.00,10.00,0,--,--
Michael Nylander,L,C,168.00,34.00,74.00,108.00,22.00,54.00,0.64,29.00,81.00,5.00,27.00,0.00,0.00,2.00,8.00,310.00,11,--,47.2
Eric Nystrom,L,L,204.00,19.00,20.00,39.00,-13.00,191.00,0.19,18.00,36.00,0.00,0.00,1.00,3.00,0.00,5.00,216.00,8.8,11:21,45.3
Shane O'Brien,L,D,45.00,0.00,3.00,3.00,-8.00,58.00,0.07,0.00,3.00,0.00,0.00,0.00,0.00,0.00,0.00,16.00,0,11:16,--
Chris O'Sullivan,L,D,49.00,2.00,11.00,13.00,3.00,14.00,0.27,1.00,5.00,1.00,8.00,0.00,0.00,0.00,1.00,63.00,3.2,--,50
Krzysztof Oliwa,L,L,65.00,3.00,2.00,5.00,-8.00,247.00,0.08,3.00,5.00,0.00,0.00,0.00,0.00,0.00,0.00,32.00,9.4,4:56,20
Darryl Olsen,L,D,1.00,0.00,0.00,0.00,-2.00,0.00,0.00,0.00,0.00,0.00,0.00,0.00,0.00,0.00,0.00,3.00,0,--,--
Mark Osiecki,R,D,50.00,2.00,7.00,9.00,-4.00,24.00,0.18,1.00,6.00,1.00,1.00,0.00,2.00,0.00,2.00,44.00,4.6,--,--
Joel Otto,R,C,730.00,167.00,261.00,428.00,44.00,1642.00,0.59,101.00,285.00,57.00,124.00,9.00,19.00,1.00,23.00,1108.00,15.1,--,--
Greg Pankewicz,R,R,18.00,0.00,3.00,3.00,0.00,20.00,0.17,0.00,3.00,0.00,0.00,0.00,0.00,0.00,0.00,10.00,0,7:26,66.7
Adam Pardy,L,D,147.00,4.00,22.00,26.00,3.00,141.00,0.18,4.00,25.00,0.00,1.00,0.00,0.00,0.00,0.00,114.00,3.5,15:16,--
Greg Paslawski,R,R,28.00,6.00,5.00,11.00,-1.00,2.00,0.39,6.00,9.00,0.00,2.00,0.00,0.00,0.00,2.00,32.00,18.8,--,--
James Patrick,R,D,217.00,14.00,56.00,70.00,6.00,82.00,0.32,10.00,41.00,4.00,24.00,0.00,5.00,0.00,1.00,258.00,5.4,--,--
Colin Patterson,R,R,416.00,88.00,99.00,187.00,98.00,189.00,0.45,83.00,176.00,3.00,3.00,2.00,8.00,1.00,8.00,549.00,16,--,--
Matt Pelech,R,R,5.00,0.00,3.00,3.00,1.00,9.00,0.60,0.00,3.00,0.00,0.00,0.00,0.00,0.00,0.00,4.00,0,13:16,--
Anthony Peluso,R,R,4.00,0.00,0.00,0.00,-1.00,7.00,0.00,0.00,0.00,0.00,0.00,0.00,0.00,0.00,0.00,1.00,0,4:07,--
Mike Peluso,L,L,23.00,0.00,0.00,0.00,-6.00,113.00,0.00,0.00,0.00,0.00,0.00,0.00,0.00,0.00,0.00,8.00,0,7:38,50
Jim Peplinski,R,L,711.00,161.00,263.00,424.00,52.00,1467.00,0.60,148.00,395.00,5.00,17.00,8.00,12.00,2.00,22.00,1269.00,12.7,--,--
Warren Peters,L,C,16.00,1.00,0.00,1.00,-2.00,12.00,0.06,1.00,1.00,0.00,0.00,0.00,0.00,0.00,0.00,13.00,7.7,7:05,58
Michel Petit,R,D,134.00,8.00,40.00,48.00,2.00,243.00,0.36,3.00,35.00,5.00,12.00,0.00,1.00,0.00,0.00,229.00,3.5,--,--
Ronald Petrovicky,R,R,107.00,9.00,12.00,21.00,0.00,139.00,0.20,7.00,17.00,2.00,4.00,0.00,0.00,0.00,2.00,108.00,8.3,11:39,45.7
Dion Phaneuf,L,D,378.00,75.00,153.00,228.00,19.00,522.00,0.60,26.00,97.00,48.00,129.00,1.00,2.00,2.00,21.00,1150.00,6.5,24:43,--
Joe Piskula,L,D,5.00,0.00,0.00,0.00,-5.00,2.00,0.00,0.00,0.00,0.00,0.00,0.00,0.00,0.00,0.00,2.00,0,10:54,--
Willi Plett,R,R,232.00,72.00,85.00,157.00,-21.00,758.00,0.68,59.00,124.00,13.00,33.00,0.00,0.00,0.00,8.00,430.00,16.7,--,--
Emile Poirier,L,L,8.00,0.00,1.00,1.00,0.00,2.00,0.13,0.00,1.00,0.00,0.00,0.00,0.00,0.00,0.00,5.00,0,9:28,0
Corey Potter,R,D,6.00,0.00,0.00,0.00,-1.00,0.00,0.00,0.00,0.00,0.00,0.00,0.00,0.00,0.00,0.00,2.00,0,9:40,--
Sergei Priakin,L,L,46.00,3.00,8.00,11.00,-9.00,2.00,0.24,3.00,11.00,0.00,0.00,0.00,0.00,0.00,1.00,45.00,6.7,--,--
Wayne Primeau,L,C,94.00,6.00,15.00,21.00,-8.00,76.00,0.22,5.00,20.00,0.00,0.00,1.00,1.00,0.00,2.00,96.00,6.3,10:45,50.6
Jean Pronovost,R,R,80.00,24.00,19.00,43.00,12.00,12.00,0.54,18.00,34.00,6.00,7.00,0.00,2.00,0.00,3.00,119.00,20.2,--,--
Dalton Prout,R,D,20.00,1.00,1.00,2.00,1.00,8.00,0.10,1.00,2.00,0.00,0.00,0.00,0.00,0.00,0.00,14.00,7.1,13:07,--
Brandon Prust,L,L,78.00,2.00,5.00,7.00,3.00,202.00,0.09,2.00,7.00,0.00,0.00,0.00,0.00,0.00,2.00,39.00,5.1,6:25,43.2
Alan Quine,L,C,22.00,4.00,2.00,6.00,-1.00,10.00,0.27,3.00,5.00,1.00,1.00,0.00,0.00,0.00,0.00,23.00,17.4,9:37,41.2
Dan Quinn,L,C,222.00,72.00,119.00,191.00,-11.00,98.00,0.86,33.00,102.00,36.00,85.00,3.00,4.00,0.00,7.00,464.00,15.5,--,--
Yves Racine,L,D,46.00,1.00,15.00,16.00,4.00,24.00,0.35,0.00,6.00,1.00,10.00,0.00,0.00,0.00,0.00,82.00,1.2,--,--
John Ramage,R,D,1.00,0.00,0.00,0.00,-1.00,0.00,0.00,0.00,0.00,0.00,0.00,0.00,0.00,0.00,0.00,4.00,0,18:10,--
Rob Ramage,R,D,80.00,4.00,19.00,23.00,42.00,193.00,0.29,1.00,15.00,3.00,7.00,0.00,1.00,0.00,0.00,103.00,3.9,--,--
Tim Ramholt,L,D,1.00,0.00,0.00,0.00,-1.00,0.00,0.00,0.00,0.00,0.00,0.00,0.00,0.00,0.00,0.00,0.00,--,0:45,--
Paul Ranheim,R,L,354.00,94.00,100.00,194.00,49.00,105.00,0.55,75.00,162.00,7.00,13.00,12.00,19.00,1.00,12.00,757.00,12.4,--,--
Pekka Rautakallio,L,D,235.00,33.00,121.00,154.00,13.00,122.00,0.66,23.00,102.00,10.00,52.00,0.00,0.00,0.00,5.00,409.00,8.1,--,--
Mason Raymond,L,L,86.00,16.00,12.00,28.00,-11.00,16.00,0.33,16.00,27.00,0.00,1.00,0.00,0.00,0.00,1.00,176.00,9.1,13:59,30
Richie Regehr,L,D,20.00,1.00,3.00,4.00,-1.00,6.00,0.20,0.00,2.00,1.00,2.00,0.00,0.00,0.00,0.00,16.00,6.3,10:34,--
Robyn Regehr,L,D,826.00,29.00,134.00,163.00,30.00,802.00,0.20,17.00,110.00,11.00,44.00,1.00,9.00,0.00,3.00,900.00,3.2,21:23,42.9
Robert Reichel,L,C,425.00,153.00,201.00,354.00,59.00,216.00,0.83,105.00,227.00,48.00,127.00,0.00,0.00,2.00,22.00,1140.00,13.4,--,--
David Reierson,R,D,2.00,0.00,0.00,0.00,1.00,2.00,0.00,0.00,0.00,0.00,0.00,0.00,0.00,0.00,0.00,1.00,0,--,--
Max Reinhart,L,C,23.00,1.00,4.00,5.00,-5.00,6.00,0.22,1.00,4.00,0.00,1.00,0.00,0.00,0.00,0.00,36.00,2.8,12:01,32.6
Paul Reinhart,L,D,517.00,109.00,336.00,445.00,28.00,203.00,0.86,54.00,232.00,53.00,208.00,2.00,5.00,1.00,12.00,985.00,11.1,--,--
Steve Reinprecht,L,C,96.00,17.00,41.00,58.00,11.00,28.00,0.60,9.00,33.00,8.00,25.00,0.00,0.00,0.00,2.00,140.00,12.1,15:51,47
Pat Ribble,L,D,31.00,0.00,1.00,1.00,-10.00,20.00,0.03,0.00,1.00,0.00,0.00,0.00,0.00,0.00,0.00,20.00,0,--,--
Tobias Rieder,L,C,55.00,4.00,6.00,10.00,-12.00,6.00,0.18,3.00,8.00,0.00,0.00,1.00,2.00,0.00,0.00,77.00,5.2,11:05,20.8
Zac Rinaldo,L,C,19.00,3.00,2.00,5.00,-1.00,34.00,0.26,3.00,5.00,0.00,0.00,0.00,0.00,0.00,2.00,19.00,15.8,8:16,--
Pierre Rioux,L,R,14.00,1.00,2.00,3.00,-3.00,4.00,0.21,1.00,3.00,0.00,0.00,0.00,0.00,0.00,0.00,9.00,11.1,--,--
Doug Risebrough,--,C,247.00,68.00,101.00,169.00,54.00,583.00,0.68,60.00,157.00,3.00,5.00,5.00,7.00,1.00,9.00,448.00,15.2,--,--
Byron Ritchie,L,C,109.00,12.00,8.00,20.00,1.00,137.00,0.18,11.00,18.00,0.00,0.00,1.00,2.00,0.00,0.00,80.00,15,9:49,51.3
Gary Roberts,L,L,585.00,257.00,248.00,505.00,225.00,1736.00,0.86,199.00,400.00,51.00,96.00,7.00,9.00,3.00,27.00,1254.00,20.5,--,--
Buddy Robinson,R,R,5.00,1.00,0.00,1.00,0.00,7.00,0.20,1.00,1.00,0.00,0.00,0.00,0.00,0.00,0.00,6.00,16.7,12:14,--
Dave Roche,L,L,38.00,3.00,3.00,6.00,-2.00,49.00,0.16,2.00,5.00,1.00,1.00,0.00,0.00,0.00,2.00,33.00,9.1,7:19,--
Darcy Rota,L,L,44.00,10.00,8.00,18.00,3.00,49.00,0.41,10.00,18.00,0.00,0.00,0.00,0.00,0.00,1.00,70.00,14.3,--,--
Andre Roy,L,R,44.00,3.00,0.00,3.00,-1.00,83.00,0.07,3.00,3.00,0.00,0.00,0.00,0.00,0.00,1.00,26.00,11.5,5:29,100
Kris Russell,L,D,198.00,15.00,63.00,78.00,3.00,40.00,0.39,8.00,49.00,7.00,28.00,0.00,1.00,2.00,2.00,276.00,5.4,23:23,0
Phil Russell,R,D,309.00,28.00,97.00,125.00,37.00,441.00,0.40,24.00,107.00,2.00,11.00,2.00,7.00,0.00,4.00,442.00,6.3,--,--
Derek Ryan,R,C,149.00,23.00,44.00,67.00,30.00,34.00,0.45,19.00,50.00,3.00,11.00,1.00,6.00,0.00,1.00,205.00,11.2,14:09,55.3
Kerby Rychel,L,L,2.00,0.00,0.00,0.00,-1.00,0.00,0.00,0.00,0.00,0.00,0.00,0.00,0.00,0.00,0.00,1.00,0,9:11,0
Ken Sabourin,L,D,27.00,1.00,4.00,5.00,13.00,72.00,0.19,1.00,5.00,0.00,0.00,0.00,0.00,0.00,0.00,14.00,7.1,--,--
Oleg Saprykin,L,L,187.00,29.00,47.00,76.00,4.00,132.00,0.41,22.00,57.00,7.00,19.00,0.00,0.00,0.00,1.00,373.00,7.8,12:43,25
Yves Sarault,L,L,11.00,2.00,1.00,3.00,-2.00,4.00,0.27,2.00,3.00,0.00,0.00,0.00,0.00,0.00,1.00,12.00,16.7,--,--
Cory Sarich,R,D,379.00,10.00,49.00,59.00,22.00,462.00,0.16,10.00,53.00,0.00,2.00,0.00,4.00,0.00,2.00,285.00,3.5,17:17,0
Marc Savard,L,C,221.00,60.00,94.00,154.00,-35.00,158.00,0.70,38.00,100.00,21.00,52.00,1.00,2.00,3.00,11.00,542.00,11.1,17:37,52.1
Brad Schlegel,R,D,26.00,1.00,6.00,7.00,-4.00,4.00,0.27,1.00,6.00,0.00,1.00,0.00,0.00,0.00,0.00,24.00,4.2,--,--
David Schlemko,L,D,19.00,0.00,0.00,0.00,6.00,8.00,0.00,0.00,0.00,0.00,0.00,0.00,0.00,0.00,0.00,15.00,0,12:39,--
Paxton Schulte,L,L,1.00,0.00,0.00,0.00,1.00,2.00,0.00,0.00,0.00,0.00,0.00,0.00,0.00,0.00,0.00,1.00,0,--,--
Darrel Scoville,L,D,6.00,0.00,0.00,0.00,1.00,2.00,0.00,0.00,0.00,0.00,0.00,0.00,0.00,0.00,0.00,1.00,0,9:18,--
Devin Setoguchi,R,R,12.00,0.00,0.00,0.00,-7.00,4.00,0.00,0.00,0.00,0.00,0.00,0.00,0.00,0.00,0.00,12.00,0,12:09,50
Dave Shand,L,D,74.00,3.00,7.00,10.00,1.00,104.00,0.14,3.00,10.00,0.00,0.00,0.00,0.00,0.00,1.00,47.00,6.4,--,--
Darryl Shannon,L,D,27.00,1.00,8.00,9.00,-13.00,22.00,0.33,1.00,5.00,0.00,4.00,0.00,0.00,0.00,0.00,46.00,2.2,23:33,--
Jeff Shantz,R,C,256.00,33.00,53.00,86.00,-8.00,151.00,0.34,23.00,66.00,9.00,18.00,1.00,2.00,2.00,4.00,314.00,10.5,15:49,51
Neil Sheehy,R,D,222.00,13.00,34.00,47.00,25.00,725.00,0.21,12.00,45.00,1.00,1.00,0.00,1.00,0.00,0.00,193.00,6.7,--,--
Hunter Shinkaruk,L,C,14.00,2.00,2.00,4.00,-7.00,4.00,0.29,1.00,2.00,1.00,2.00,0.00,0.00,0.00,0.00,17.00,11.8,13:10,0
Drew Shore,R,C,13.00,1.00,3.00,4.00,-5.00,2.00,0.31,1.00,4.00,0.00,0.00,0.00,0.00,0.00,0.00,16.00,6.3,11:11,47.8
Nicholas Shore,R,C,9.00,1.00,2.00,3.00,0.00,4.00,0.33,1.00,2.00,0.00,1.00,0.00,0.00,0.00,0.00,16.00,6.3,15:08,44.8
Patrick Sieloff,L,D,1.00,1.00,0.00,1.00,1.00,2.00,1.00,1.00,1.00,0.00,0.00,0.00,0.00,0.00,1.00,1.00,100,17:59,--
Martin Simard,R,R,37.00,1.00,5.00,6.00,-4.00,172.00,0.16,0.00,5.00,1.00,1.00,0.00,0.00,0.00,0.00,18.00,5.6,--,--
Chris Simon,L,L,85.00,11.00,16.00,27.00,1.00,119.00,0.32,8.00,21.00,3.00,6.00,0.00,0.00,0.00,3.00,107.00,10.3,11:23,52.6
Todd Simpson,L,D,214.00,4.00,26.00,30.00,-6.00,500.00,0.14,4.00,28.00,0.00,0.00,0.00,2.00,0.00,1.00,191.00,2.1,--,33.3
Fredrik Sjostrom,L,L,46.00,1.00,5.00,6.00,2.00,8.00,0.13,1.00,6.00,0.00,0.00,0.00,0.00,0.00,0.00,33.00,3,9:31,0
Jarrod Skalde,L,C,1.00,0.00,0.00,0.00,0.00,0.00,0.00,0.00,0.00,0.00,0.00,0.00,0.00,0.00,0.00,0.00,--,--,--
Brian Skrudland,L,C,16.00,2.00,4.00,6.00,3.00,10.00,0.38,2.00,5.00,0.00,0.00,0.00,1.00,0.00,0.00,22.00,9.1,--,--
Blake Sloan,R,R,74.00,2.00,10.00,12.00,-4.00,32.00,0.16,2.00,12.00,0.00,0.00,0.00,0.00,0.00,0.00,63.00,3.2,12:16,12.1
Ladislav Smid,L,D,109.00,1.00,6.00,7.00,-23.00,81.00,0.06,1.00,7.00,0.00,0.00,0.00,0.00,0.00,0.00,67.00,1.5,15:40,--
Brad Smith,R,R,49.00,7.00,4.00,11.00,-7.00,69.00,0.22,6.00,10.00,1.00,1.00,0.00,0.00,0.00,1.00,51.00,13.7,--,--
Derek Smith,L,D,83.00,2.00,11.00,13.00,-16.00,24.00,0.16,2.00,9.00,0.00,4.00,0.00,0.00,0.00,1.00,74.00,2.7,13:53,66.7
Mark Smith,L,C,54.00,1.00,3.00,4.00,-6.00,59.00,0.07,1.00,4.00,0.00,0.00,0.00,0.00,0.00,0.00,27.00,3.7,5:56,54.4
Steve Smith,L,D,102.00,1.00,20.00,21.00,-12.00,139.00,0.21,1.00,19.00,0.00,2.00,0.00,0.00,0.00,0.00,55.00,1.8,21:39,--
Greg Smyth,R,D,42.00,2.00,3.00,5.00,9.00,110.00,0.12,1.00,4.00,1.00,1.00,0.00,0.00,0.00,0.00,24.00,8.3,--,--
Martin Sonnenberg,L,L,5.00,0.00,0.00,0.00,-2.00,2.00,0.00,0.00,0.00,0.00,0.00,0.00,0.00,0.00,0.00,7.00,0,8:51,80
Lee Sorochan,L,D,3.00,0.00,0.00,0.00,-3.00,0.00,0.00,0.00,0.00,0.00,0.00,0.00,0.00,0.00,0.00,5.00,0,11:42,--
Martin St. Louis,L,R,69.00,4.00,16.00,20.00,-7.00,32.00,0.29,4.00,18.00,0.00,1.00,0.00,1.00,0.00,1.00,87.00,4.6,13:29,0
Steve Staios,R,D,57.00,4.00,9.00,13.00,-2.00,40.00,0.23,2.00,10.00,1.00,2.00,1.00,1.00,0.00,0.00,39.00,10.3,15:53,100
Matt Stajan,L,C,558.00,59.00,131.00,190.00,-1.00,279.00,0.34,55.00,172.00,0.00,6.00,4.00,12.00,2.00,10.00,533.00,11.1,13:57,49.6
Lee Stempniak,R,R,160.00,31.00,52.00,83.00,-21.00,56.00,0.52,23.00,59.00,6.00,15.00,2.00,9.00,0.00,4.00,387.00,8,17:45,24.7
Ronnie Stern,R,R,396.00,59.00,66.00,125.00,12.00,1288.00,0.32,55.00,118.00,1.00,2.00,3.00,5.00,1.00,7.00,529.00,11.2,--,--
Chris Stewart,R,R,7.00,1.00,2.00,3.00,-4.00,0.00,0.43,1.00,3.00,0.00,0.00,0.00,0.00,0.00,0.00,9.00,11.1,10:55,25
Tony Stiles,--,D,30.00,2.00,7.00,9.00,14.00,20.00,0.30,2.00,8.00,0.00,0.00,0.00,1.00,0.00,0.00,19.00,10.5,--,--
Cory Stillman,L,L,393.00,109.00,126.00,235.00,-27.00,192.00,0.60,64.00,141.00,37.00,85.00,8.00,9.00,2.00,16.00,811.00,13.4,--,47.4
Michael Stone,R,D,148.00,7.00,21.00,28.00,-11.00,74.00,0.19,7.00,27.00,0.00,1.00,0.00,0.00,0.00,0.00,191.00,3.7,16:51,--
Ben Street,L,C,19.00,0.00,2.00,2.00,-3.00,4.00,0.11,0.00,1.00,0.00,0.00,0.00,1.00,0.00,0.00,30.00,0,11:33,46.3
David Struch,L,C,4.00,0.00,0.00,0.00,-2.00,4.00,0.00,0.00,0.00,0.00,0.00,0.00,0.00,0.00,0.00,3.00,0,--,--
Brad Stuart,L,D,27.00,0.00,5.00,5.00,12.00,18.00,0.19,0.00,5.00,0.00,0.00,0.00,0.00,0.00,0.00,35.00,0,22:48,--
Mike Sullivan,L,C,205.00,20.00,28.00,48.00,-17.00,54.00,0.23,16.00,41.00,0.00,0.00,4.00,7.00,0.00,5.00,228.00,8.8,--,--
Niklas Sundblad,R,R,2.00,0.00,0.00,0.00,0.00,0.00,0.00,0.00,0.00,0.00,0.00,0.00,0.00,0.00,0.00,3.00,0,--,--
Gary Suter,L,D,617.00,128.00,436.00,564.00,93.00,872.00,0.91,71.00,245.00,54.00,310.00,3.00,9.00,0.00,12.00,1739.00,7.4,--,--
Brett Sutter,L,L,18.00,1.00,1.00,2.00,-4.00,12.00,0.11,1.00,1.00,0.00,0.00,0.00,1.00,0.00,0.00,18.00,5.6,9:25,44.8
Ron Sutter,R,C,21.00,1.00,3.00,4.00,4.00,12.00,0.19,1.00,4.00,0.00,0.00,0.00,0.00,0.00,0.00,16.00,6.3,11:49,53.8
Bob Sweeney,R,C,6.00,1.00,1.00,2.00,3.00,6.00,0.33,1.00,2.00,0.00,0.00,0.00,0.00,0.00,0.00,8.00,12.5,--,--
Tim Sweeney,L,R,53.00,8.00,11.00,19.00,1.00,12.00,0.36,8.00,15.00,0.00,1.00,0.00,3.00,1.00,5.00,56.00,14.3,--,--
Steve Tambellini,L,C,120.00,34.00,20.00,54.00,-1.00,20.00,0.45,30.00,50.00,2.00,2.00,2.00,2.00,0.00,4.00,202.00,16.8,--,--
Alex Tanguay,L,L,342.00,86.00,198.00,284.00,17.00,166.00,0.83,68.00,198.00,14.00,80.00,4.00,6.00,1.00,9.00,476.00,18.1,18:51,37.9
Rocky Thompson,R,D,15.00,0.00,0.00,0.00,0.00,86.00,0.00,0.00,0.00,0.00,0.00,0.00,0.00,0.00,0.00,3.00,0,4:18,--
German Titov,L,C,345.00,107.00,121.00,228.00,22.00,142.00,0.66,57.00,137.00,42.00,76.00,8.00,15.00,2.00,13.00,780.00,13.7,--,37.9
Matthew Tkachuk,L,L,293.00,94.00,141.00,235.00,22.00,302.00,0.80,65.00,162.00,29.00,73.00,0.00,0.00,2.00,10.00,725.00,13,16:55,36.8
Daniel Tkaczuk,L,C,19.00,4.00,7.00,11.00,1.00,14.00,0.58,3.00,9.00,1.00,2.00,0.00,0.00,0.00,0.00,34.00,11.8,12:14,43.2
John Tonelli,L,L,161.00,40.00,76.00,116.00,7.00,166.00,0.72,23.00,79.00,17.00,37.00,0.00,0.00,0.00,5.00,298.00,13.4,--,--
Pavel Torgaev,L,C,50.00,6.00,12.00,18.00,2.00,18.00,0.36,6.00,17.00,0.00,1.00,0.00,0.00,0.00,0.00,62.00,9.7,--,56
Randy Turnbull,R,D,1.00,0.00,0.00,0.00,-1.00,2.00,0.00,0.00,0.00,0.00,0.00,0.00,0.00,0.00,0.00,0.00,--,--,--
Garry Unger,L,C,79.00,17.00,16.00,33.00,2.00,39.00,0.42,16.00,29.00,1.00,4.00,0.00,0.00,0.00,3.00,170.00,10,--,--
Eric Vail,L,L,147.00,60.00,62.00,122.00,12.00,45.00,0.83,41.00,89.00,19.00,32.00,0.00,1.00,0.00,9.00,365.00,16.4,--,--
Juuso Valimaki,L,D,24.00,1.00,2.00,3.00,-2.00,12.00,0.13,1.00,3.00,0.00,0.00,0.00,0.00,0.00,1.00,28.00,3.6,15:29,--
Bryce Van Brabant,L,L,6.00,0.00,0.00,0.00,-1.00,2.00,0.00,0.00,0.00,0.00,0.00,0.00,0.00,0.00,0.00,4.00,0,9:10,--
David Van Der Gulik,L,L,6.00,0.00,2.00,2.00,-1.00,0.00,0.33,0.00,2.00,0.00,0.00,0.00,0.00,0.00,0.00,11.00,0,8:29,0
Jim Vandermeer,L,D,66.00,1.00,8.00,9.00,5.00,147.00,0.14,1.00,8.00,0.00,0.00,0.00,1.00,0.00,0.00,54.00,1.9,17:12,--
Sergei Varlamov,L,L,8.00,3.00,0.00,3.00,0.00,0.00,0.38,3.00,3.00,0.00,0.00,0.00,0.00,0.00,1.00,11.00,27.3,9:35,0
Kris Versteeg,R,R,93.00,18.00,27.00,45.00,-11.00,52.00,0.48,9.00,24.00,9.00,21.00,0.00,0.00,0.00,2.00,185.00,9.7,14:20,55
Linden Vey,R,R,4.00,0.00,0.00,0.00,-2.00,0.00,0.00,0.00,0.00,0.00,0.00,0.00,0.00,0.00,0.00,1.00,0,11:01,37.5
Vesa Viitakoski,L,L,23.00,2.00,4.00,6.00,-2.00,8.00,0.26,0.00,2.00,2.00,4.00,0.00,0.00,0.00,0.00,28.00,7.1,--,--
Mickey Volcan,R,D,19.00,1.00,4.00,5.00,-1.00,18.00,0.26,1.00,5.00,0.00,0.00,0.00,0.00,0.00,1.00,13.00,7.7,--,--
Howard Walker,L,D,3.00,0.00,0.00,0.00,0.00,7.00,0.00,0.00,0.00,0.00,0.00,0.00,0.00,0.00,0.00,2.00,0,--,--
Wes Walz,R,C,92.00,17.00,39.00,56.00,27.00,27.00,0.61,12.00,42.00,5.00,14.00,0.00,0.00,0.00,1.00,152.00,11.2,--,--
Gordon Wappel,L,D,20.00,1.00,1.00,2.00,-3.00,10.00,0.10,1.00,2.00,0.00,0.00,0.00,0.00,0.00,0.00,12.00,8.3,--,--
Ed Ward,R,R,215.00,16.00,24.00,40.00,-12.00,284.00,0.19,16.00,40.00,0.00,0.00,0.00,0.00,0.00,1.00,175.00,9.1,--,22.2
Rhett Warrener,R,D,231.00,11.00,26.00,37.00,19.00,239.00,0.16,7.00,26.00,1.00,3.00,3.00,8.00,1.00,2.00,168.00,6.6,18:05,0
Brad Werenka,L,D,45.00,2.00,5.00,7.00,-5.00,37.00,0.16,2.00,5.00,0.00,2.00,0.00,0.00,0.00,0.00,43.00,4.7,19:47,--
Kevin Westgarth,R,R,36.00,4.00,3.00,7.00,-2.00,64.00,0.19,4.00,7.00,0.00,0.00,0.00,0.00,0.00,1.00,25.00,16,7:02,20
Ian White,R,D,43.00,6.00,12.00,18.00,-3.00,18.00,0.42,4.00,11.00,2.00,7.00,0.00,0.00,0.00,0.00,77.00,7.8,21:06,--
Dennis Wideman,R,D,280.00,32.00,104.00,136.00,-33.00,126.00,0.49,16.00,83.00,16.00,51.00,0.00,2.00,1.00,4.00,531.00,6,22:45,0
Jason Wiemer,L,C,252.00,34.00,32.00,66.00,-41.00,567.00,0.26,27.00,53.00,7.00,13.00,0.00,0.00,1.00,7.00,348.00,9.8,13:18,46.1
Clarke Wilm,L,C,303.00,31.00,42.00,73.00,-7.00,250.00,0.24,20.00,58.00,5.00,9.00,6.00,6.00,0.00,0.00,343.00,9,13:17,47.8
Bert Wilson,L,L,50.00,5.00,7.00,12.00,-6.00,94.00,0.24,5.00,12.00,0.00,0.00,0.00,0.00,0.00,1.00,34.00,14.7,--,--
Carey Wilson,R,C,355.00,102.00,161.00,263.00,33.00,160.00,0.74,77.00,208.00,20.00,46.00,5.00,9.00,1.00,13.00,613.00,16.6,--,--
Clay Wilson,L,D,5.00,0.00,0.00,0.00,0.00,4.00,0.00,0.00,0.00,0.00,0.00,0.00,0.00,0.00,0.00,7.00,0,13:15,--
Rik Wilson,R,D,2.00,0.00,0.00,0.00,2.00,0.00,0.00,0.00,0.00,0.00,0.00,0.00,0.00,0.00,0.00,3.00,0,--,--
David Wolf,L,L,3.00,0.00,0.00,0.00,0.00,2.00,0.00,0.00,0.00,0.00,0.00,0.00,0.00,0.00,0.00,1.00,0,9:23,50
Kevin Wortman,R,D,5.00,0.00,0.00,0.00,1.00,2.00,0.00,0.00,0.00,0.00,0.00,0.00,0.00,0.00,0.00,2.00,0,--,--
Tyler Wotherspoon,L,D,30.00,0.00,5.00,5.00,-8.00,4.00,0.17,0.00,5.00,0.00,0.00,0.00,0.00,0.00,0.00,17.00,0,13:36,--
Jamie Wright,L,L,63.00,6.00,14.00,20.00,7.00,32.00,0.32,6.00,20.00,0.00,0.00,0.00,0.00,0.00,0.00,80.00,7.5,13:07,50
Trent Yawney,L,D,274.00,11.00,45.00,56.00,20.00,368.00,0.20,8.00,35.00,2.00,18.00,1.00,3.00,0.00,1.00,227.00,4.9,--,--
Alexander Yelesin,R,D,4.00,0.00,0.00,0.00,0.00,0.00,0.00,0.00,0.00,0.00,0.00,0.00,0.00,0.00,0.00,2.00,0,12:30,--
Stephane Yelle,L,C,339.00,31.00,65.00,96.00,2.00,174.00,0.28,22.00,72.00,6.00,17.00,3.00,7.00,0.00,5.00,407.00,7.6,14:58,53.7
C.J. Young,R,R,28.00,3.00,2.00,5.00,-7.00,20.00,0.18,2.00,4.00,1.00,1.00,0.00,0.00,0.00,0.00,21.00,14.3,--,--
Zarley Zalapski,L,D,178.00,21.00,55.00,76.00,7.00,220.00,0.43,12.00,48.00,9.00,28.00,0.00,0.00,0.00,4.00,309.00,6.8,--,50
Richard Zemlak,R,C,5.00,0.00,1.00,1.00,-2.00,42.00,0.20,0.00,1.00,0.00,0.00,0.00,0.00,0.00,0.00,4.00,0,--,--
Andrei Zyuzin,L,D,49.00,1.00,5.00,6.00,-2.00,30.00,0.12,1.00,6.00,0.00,0.00,0.00,0.00,0.00,0.00,36.00,2.8,13:49,--
